MEAN OF STE,MEAN OF ZC,VARIANCE OF STE,VARIANCE OF ZC,Q(STE) AT 25%,Q(STE) AT 50%,Q(STE) AT 75%,Q(STE) AT 100%,Q(ZC) AT 25%,Q(ZC) AT 50%,Q(ZC) AT 75%,Q(ZC) AT 100%,LABEL
56.89556954,121.0416667,1024.885014,4865.259058,32.68786728,46.26271833,64.7575512,86.36638524,72.7,86.2,101.5,172.7,0
77.91642957,126.34375,4857.843575,4239.200605,6.957924526,46.64344746,87.10701843,140.909094,81.8,102.5,115.9,160.5,0
72.66871612,111.71875,3688.563317,2395.563508,2.183769683,54.2137731,94.38665641,128.4894181,75.9,91.6,106,147.8,0
60.85826536,137.71875,3530.393157,7242.789315,1.75352595,32.36051907,59.23953591,120.3740401,82.9,100.6,123.4,160.5,0
61.47570518,131.3125,3689.357891,7430.931452,2.700385019,33.66405102,65.25406963,104.8246662,78,93.9,107.4,154,0
69.73384035,118.78125,4608.16115,3672.950605,1.582685238,41.67259732,59.08205596,132.9113146,80.6,90.6,111.3,144.8,0
63.7823531,122.84375,3099.698633,5104.78125,2.747615882,39.52475316,82.9998685,106.2962177,78.8,89.5,106,160.8,0
63.7823531,122.84375,3099.698633,5104.78125,2.747615882,39.52475316,82.9998685,106.2962177,78.8,89.5,106,160.8,0
92.75973559,129.375,6689.843596,5372.177419,2.849174427,53.11065909,99.6654522,179.7377883,80.6,91.3,113.7,162.9,0
89.74626956,120.03125,5107.973104,3340.353831,2.214710086,60.03294049,114.2889104,161.2654186,81.8,97,117.6,155.1,0
72.50137844,145.375,5216.749781,3389.983871,1.799939473,30.69,73.79416003,153.1528574,101.8,123.3,141.7,175.2,0
84.50451922,142.03125,8807.942167,3720.160282,1.83496892,30.75542146,85.5126579,173.4598078,94.9,105.6,148.3,173,0
30.24936279,154.1875,1032.44803,5655.705645,0.88922531,13.85607595,36.18460443,50.22980089,98,115.7,130.4,218.9,0
70.66128719,133.78125,13754.40965,4448.757056,1.378276992,10.13887472,31.72787171,91.01934159,81.5,107.7,127.4,164.3,0
34.54720687,136,1339.159369,3660.645161,1.191573928,15.70197722,34.7616377,76.73704971,94.9,109.8,125.4,168.7,0
64.33029835,139.53125,8213.715649,4531.095766,1.617627086,11.36057019,44.51039873,91.01934159,82,119.2,134.5,170.5,0
55.99630892,139.4375,5329.486214,5353.350806,1.174842651,12.09976168,44.34483292,98.83126173,82,117.1,129.5,164.3,0
43.23232639,145.375,2218.256181,5311.532258,1.160449196,12.20264962,43.61876056,87.44618409,102.2,117.3,129.5,153.5,0
40.55708572,144.40625,2037.55169,3541.023185,1.160449196,11.3604199,45.36180842,87.44618409,95,122.3,145.7,178.3,0
37.0227181,150.5,1556.897397,3697.419355,1.204004103,11.02883926,41.32406216,86.89968827,103.9,123,149.2,189.5,0
49.81701614,124.3125,4265.693649,7688.092742,1.799939473,15.3226668,37.64360245,79.29399373,63.9,79.9,115.5,136.1,0
41.16065493,119.15625,3295.544471,5970.587702,1.174842651,9.268971017,19.3053687,75.266879,67.9,82,111.8,131.1,0
74.28034179,119.90625,9928.513478,7196.926411,1.166071838,11.40783609,57.23659742,127.5628689,56.9,82,100.5,132.7,0
36.62722768,116.5,1475.246963,6191.225806,1.799939473,11.32748782,33.48458188,75.97424147,67,82,91.1,133.7,0
66.01973657,117.28125,5546.20634,5576.53125,1.799939473,13.64790314,64.05150096,138.3749178,66.9,82,102,136.9,0
50.67516469,118.875,3863.513372,6421.983871,1.799939473,11.32748782,39.96934378,108.6706167,65.9,80.6,104.7,131.8,0
32.55233836,117.25,1862.05226,4938.709677,1.180511355,9.612474134,27.87940019,59.19510536,71.6,82.3,107.1,137.8,0
32.98824208,115.21875,1580.342676,4442.176411,1.189164341,11.32748782,29.82172783,52.75386526,68,89.3,109,131.2,0
37.68618265,118.875,2536.430901,5649.145161,0.806912249,8.498011418,22.24656995,67.24337716,66.8,81,103.5,140.5,0
53.33927756,120.0625,8575.064658,5461.28629,1.180963961,9.990903496,19.43691356,69.70009851,71.1,84.4,106.7,141.9,0
20.59142164,116.28125,540.3586162,3019.821573,1.180963961,8.011188931,17.58950978,37.06973896,65,95.6,112.6,163.1,0
38.14212123,113.78125,2926.805165,3944.176411,0.95702029,7.176069484,21.26734688,66.80662548,69.8,85.9,104.1,126.5,0
25.13497969,115.09375,900.258642,4360.861895,3.029396867,7.035587854,13.84851488,58.12451238,65.7,82,96.5,167.1,0
22.29036957,113.21875,928.0691064,3397.144153,1.436371038,7.484563785,9.738537145,42.08320505,75.2,87.3,99.4,137.3,0
24.80373843,111.78125,1222.778248,4247.724798,3.65296797,5.919802453,9.149908159,46.175467,67.5,81,98.6,148.6,0
22.90724272,118.46875,858.6488518,6983.611895,2.662005746,8.180896198,14.41694318,40.16733986,68.8,79.6,91.8,141.4,0
11.87800308,123,174.1701936,6483.870968,1.105717145,5.101696593,10.12471885,19.38357644,69,82,105.4,141.8,0
23.34418824,125.5625,1196.783514,7668.96371,1.105717145,5.666264728,12.76029824,53.22827664,66.9,82,110.2,148.9,0
23.34418824,125.5625,1196.783514,7668.96371,1.105717145,5.666264728,12.76029824,53.22827664,66.9,82,110.2,148.9,0
39.42269326,111.75,3127.130273,4837.419355,1.105717145,9.480716099,29.21764455,67.52950757,64,81.3,101.7,118.1,0
27.08293696,138.4375,870.8650843,7212.770161,1.267594924,9.572448172,19.65022059,56.54909996,78.7,89.2,125.5,186.3,0
32.06813239,117.4375,1850.315055,5244.641129,3.292630061,7.756994776,18.31967303,59.40103921,75.4,88,100.9,150.6,0
43.28919295,130.75,2856.582802,8714.516129,2.408521412,15.24224364,31.83822879,87.52110456,75.8,82,91.5,183.1,0
36.19975247,133.40625,1856.005065,7421.345766,1.342159828,8.373509859,42.98616245,64.39975889,76.9,83.2,104.9,178,0
40.3773676,116.09375,3187.735394,5262.861895,3.591830386,10.14129335,19.71881122,76.08331781,73,81.3,95.7,152.4,0
37.09947181,124.9375,3281.195038,6462.383065,2.531932764,9.287142941,22.54633204,53.16616598,70,82,100.2,158.7,0
37.54450703,118.25,2693.49018,5807.548387,1.342159828,6.267995862,24.59398708,67.75547889,72.4,83.8,95.7,145.9,0
34.25249179,120.53125,2257.521655,6156.063508,3.534851258,7.871133776,19.8948238,73.38043346,75.6,82,94.4,146.1,0
34.58192501,114.59375,2231.394671,4409.990927,1.342159828,5.079640718,17.22690399,76.59998565,73.7,82,94.4,146.1,0
33.66815185,117.96875,1908.558022,4632.740927,1.201907174,4.499751789,25.76060457,73.47449172,75.7,88,97,146.1,0
93.00992537,97.19230769,11415.2175,800.8015385,6.613624413,15.55736194,76.68826206,181.2573448,67.2,89.1,103.5,123.5,1
103.5096769,93.37037037,11350.48726,617.9344729,4.004078897,40.50438071,111.4446013,216.3678184,68.7,81.3,106.7,114.1,1
81.77075649,93.96296296,6869.748976,647.960114,4.593760153,21.43628568,92.41611869,169.0731356,67.6,82.6,107.7,121,1
98.57291336,97.2962963,13448.30968,620.9088319,3.871879072,14.45694093,82.53159532,210.2632211,71.8,86.2,114.4,120.1,1
96.80411396,94.21428571,9714.342277,1301.804233,3.103698508,31.00119982,111.878813,210.724616,61.1,72,106.3,132.8,1
73.25274668,92.78571429,5538.265449,1347.507937,4.499363643,17.36155923,90.35701395,156.8017385,59,64.7,97.6,117.9,1
90.0021879,90.53571429,7767.592533,885.5912698,2.986876524,32.06591273,94.71687166,175.6435563,62.2,72.7,99.3,117.7,1
95.49417213,91.21428571,9772.62337,749.8042328,2.340600675,39.71367866,82.00911771,203.8622178,63.1,78,96.7,117.8,1
110.6795173,90.35714286,12286.72011,748.8306878,2.45661245,61.70243169,114.6679911,233.9954608,63.1,75.2,99.7,116.6,1
72.49484671,97.07142857,5679.800582,901.4761905,4.15910924,27.0613049,66.14678882,143.277768,64.2,89.7,106.8,122.2,1
59.96061866,117.9285714,3630.197656,2282.661376,9.254201038,25.55922034,54.39828324,123.5570151,88,91.4,114.1,159.6,1
57.66845046,110.5714286,3935.076844,1402.179894,3.729556919,16.83233219,51.79377667,121.0545378,82.7,94.8,113.2,130.4,1
57.1816753,120.4642857,3555.484028,2013.146825,6.42115686,17.02303101,68.4859954,110.1902406,84.5,107.8,116.5,164.6,1
46.21799448,118.4285714,3422.610249,2015.809524,2.885161146,10.31529362,29.6324103,79.9158601,86,92.7,126.1,147.2,1
41.78940185,128.9285714,2692.642219,3672.365079,5.126521614,12.60175302,24.40378685,76.33138885,89.1,99.5,126.6,171.6,1
42.64241476,127.8571429,2640.248346,2988.126984,4.741519434,10.31529362,36.02262333,79.9158601,89.1,102.7,127.8,190.1,1
56.21445631,128.7142857,4094.89023,3515.619048,6.014200096,22.2702042,51.57038349,82.66959786,89.1,100.1,116.8,160.9,1
50.50966851,122.5357143,3009.226003,2297.072751,9.279540359,17.16084883,49.58144847,82.73025512,89.1,95,123.3,165.6,1
50.50923496,120.8214286,2916.259664,2368.152116,5.772961091,22.05018772,50.66382296,86.64541967,89.1,98.1,123.6,149.7,1
48.58196011,112.75,3135.98861,2043.675926,4.602851212,13.06541214,44.47757168,81.27082586,84.1,91.4,99.6,141.3,1
52.56896345,89.82142857,7243.242139,409.2632275,2.155607202,9.245792709,15.07869133,95.18947025,71.5,85,92.6,102.9,1
61.42228796,95.42857143,9590.898787,537.3650794,2.184431647,8.568532597,19.24746947,122.5732886,76.2,88.4,94,117,1
55.91021462,91.57142857,7368.6763,416.2539683,0.640939342,9.234790208,24.96694045,100.7732066,71,89.7,97.6,110.9,1
55.50301061,91.53571429,7172.927719,404.5542328,0.665361542,8.935441878,24.53573934,114.1894312,71,88.1,99.6,108,1
50.69762488,92.46428571,7012.87079,495.6653439,4.266099255,10.31529362,21.86635665,80.5397808,68.3,89.7,102.3,115.6,1
62.96569176,89.64285714,11242.89139,478.7566138,1.13150487,5.660434178,15.51067448,121.6482975,64.7,83.8,92.6,106.8,1
49.04905957,92,6360.58742,373.6296296,1.29710867,8.013503784,21.52107412,79.9158601,71.5,90.4,98,109.8,1
38.99612476,100.6071429,4003.680563,547.0621693,1.311073041,8.833558038,15.54776561,64.41542839,78.1,96.2,111.3,119.8,1
36.86621515,102.8571429,4031.589661,641.7566138,0.890137063,4.045175026,10.25177611,64.41542839,78.1,96.2,115.6,128.7,1
41.94528045,102.9285714,5322.375961,662.3650794,1.861907548,8.712438192,17.94902263,64.41542839,75.6,99.7,111,124,1
24.6515457,119.7142857,576.0753509,2039.693122,1.912212474,7.765097169,32.06136628,46.09107089,80.4,107.7,122.1,140.5,1
50.82683087,117.7333333,2190.559065,1090.271264,4.265711909,13.91921474,75.62134506,96.11536586,89.5,112.5,124,141.5,1
40.60292087,116.0333333,1601.251986,1117.964368,4.394992564,9.386680676,44.45256319,81.69770178,89.5,112,119,130.5,1
45.15611323,121.1666667,2594.146106,857.9367816,2.153011559,5.254951525,43.70487406,102.3609613,97.5,117.5,124,132.5,1
53.88958104,125.5333333,2739.606472,1918.188506,4.943928077,11.24738699,71.79373129,111.5262615,90.5,115.5,127,137,1
22.97799661,126.9,865.4174544,2206.093103,1.052000431,5.004437428,10.48804056,62.94645506,96,115.5,128.5,138.5,1
49.43861251,119.5333333,2946.511511,1112.464368,4.17421855,9.028236036,43.50178842,113.5017433,91.5,104.5,121.5,147,1
49.43861251,119.5333333,2946.511511,1112.464368,4.17421855,9.028236036,43.50178842,113.5017433,91.5,104.5,121.5,147,1
32.41354418,119.3,1300.535992,1293.32069,2.114178592,9.028236036,32.51234769,54.41284735,89,104,122.5,142,1
41.10075631,116.3,1595.368184,1664.631034,1.468902924,15.83497991,46.32064389,68.74622505,85.5,99,116.5,148,1
46.28719265,92.46666667,2537.260861,261.9816092,9.028236036,15.53358849,45.76539863,71.06886409,80,86,94,105.5,1
35.27112927,92.8,3185.804966,292.0275862,4.211032763,9.027881,13.38193636,59.64988061,78,86.5,92.5,110,1
35.20804244,93.96666667,3256.233511,378.3091954,6.717248514,10.41650341,17.5870489,40.0453313,79,86.5,95,111,1
47.79745359,85.56666667,5601.594803,363.9781609,5.968854116,9.94514536,21.16874385,66.08353454,69.5,77.5,86.5,98,1
39.01776093,91.83333333,4140.230589,380.2816092,5.695097196,9.706541035,17.98504126,34.78745938,71.5,86.5,99,110,1
27.44920814,89.7,2055.938503,353.3896552,4.973195929,8.75252256,12.06900673,23.92725524,76,85.5,93.5,99.5,1
45.09193623,84.03333333,6582.976584,317.3436782,4.366378542,9.706541035,15.30312453,34.11652733,66,78,88,95.5,1
42.210054,92.83333333,5766.697536,514.3505747,4.355787068,7.404792717,9.706541035,48.57773438,73,84,93,113,1
43.14546948,89.96666667,2878.70331,392.654023,8.029149292,13.79394869,26.1298537,63.5166516,67,83.5,92.5,107.5,1
43.90531226,87.93333333,4193.917732,369.8574713,7.705604324,12.89469557,25.67638973,48.57803511,69.5,78.5,89,110.5,1
85.81717791,112.56,7766.246532,344.6733333,3.022506197,39.8100378,83.96078361,157.1797938,90.5,107.5,118.5,129,2
102.2732228,99.34615385,10007.36182,640.1553846,2.362249637,44.17936657,111.1593406,202.6833111,72.7,90.9,101,114.2,2
66.1552174,110.2692308,3744.290066,724.4446154,2.362551066,32.13046603,80.42728338,126.2211623,85.8,100,116.1,129.1,2
83.58792345,109.6923077,7230.109004,495.9815385,2.443675109,27.91231543,78.49159931,175.319493,86,105.7,116.4,131.9,2
58.28370035,109.1851852,3944.737069,425.002849,2.446698244,22.02973349,55.07746492,106.0546032,89.9,104.6,114.8,127.1,2
70.47864177,106.962963,5007.565719,513.8831909,1.63006809,32.00013284,73.40526002,163.0248515,84.7,95.3,110.9,127.4,2
78.27362035,100.3333333,6564.352546,534.3076923,1.260419493,28.10895096,91.44880518,155.8528039,80.7,92.9,106.4,115.9,2
119.4176567,104.9259259,12612.22391,516.5327635,1.980898823,58.55508144,137.8405287,246.6287493,82.9,97.9,113,128,2
95.36718624,99.77777778,10513.18684,305.3333333,1.349632851,22.12965361,91.13528767,209.636836,85.8,95,106.7,118.1,2
98.54734277,98.88888889,9997.282201,621.1794872,2.200190029,41.170172,102.7466693,197.4474212,72.9,90.3,100.7,113.4,2
32.22091851,145.4444444,1564.082563,3090.410256,1.65771781,8.278032833,19.46574945,76.69255893,87,130.5,159.2,203.1,2
30.01562767,130.5925926,1618.296082,2205.173789,1.603160529,4.719382953,16.20738508,74.39901764,86.3,116,136.4,185.7,2
29.74693765,130.5925926,1496.687737,2101.019943,2.057644307,4.72553465,16.01636366,76.04713209,87,112.4,140.6,171.9,2
30.26470842,135.5185185,1520.347073,2510.951567,2.057644307,3.967255612,16.77994212,72.56904039,87,114.5,143.6,192.3,2
31.56161484,143.037037,1350.367438,3543.729345,2.027130094,10.79750597,25.60740749,69.77371011,85.6,112.9,159.6,205.8,2
30.12808388,137.1111111,1539.294327,2548.25641,1.515425518,4.991009356,16.01636366,72.82038299,87,119.8,144.2,181.1,2
30.9139284,135.6296296,1664.555561,3340.549858,1.646482844,6.138645058,14.24639406,73.61448321,86.3,111.5,133.4,190.3,2
29.12321847,121.6296296,1581.49438,1909.703704,1.620467473,4.919246695,12.97283277,75.62411216,82.7,100.9,120.4,158.5,2
33.4110356,134.6296296,1417.935352,2177.011396,2.403230812,8.968227872,30.94680993,70.49335446,87,114.3,158.1,181.1,2
30.25901772,129.7407407,1605.343869,2223.353276,1.603160529,5.761086267,16.20738508,74.39901764,86.3,111.5,136.4,185.7,2
40.59653932,84.55555556,2022.329363,445.3333333,2.431939211,9.856212746,34.21344069,90.13501391,66.7,75.1,92,107.3,2
59.91941718,92.62962963,5650.793668,647.0883191,3.097449379,13.98490726,36.43288496,118.0226056,72.9,82.1,95.4,115.3,2
57.85167605,83.96296296,3726.567823,466.8831909,1.691348973,13.53342948,68.02054571,111.1593406,63.7,74.2,89.1,106.1,2
49.0904627,83.03703704,2649.910698,457.037037,1.65324098,17.39749709,40.7937799,109.9197718,63.9,73.6,87,99,2
58.8471854,88.96296296,5612.354089,596.5754986,1.620864065,12.62056864,36.10299924,124.6471303,67,81.3,89.1,110,2
74.90395032,89.11111111,9178.0436,572.9487179,1.636719966,22.95889213,58.80411136,126.3782007,71.9,79.3,88.4,99.6,2
72.28202678,77.22222222,7264.677696,345.7948718,1.622584472,20.79111961,67.89356579,129.6806588,55.7,72.3,87,95.2,2
72.78717424,86.2962963,8062.932275,446.2165242,0.921865767,13.97169401,71.11416071,130.1401261,66.7,76.3,92.8,104.3,2
73.92205316,94.51851852,8371.785689,476.7207977,1.622584472,16.60695531,68.6425839,111.7221301,73.9,87,97.7,115.3,2
73.92205316,94.51851852,8371.785689,476.7207977,1.622584472,16.60695531,68.6425839,111.7221301,73.9,87,97.7,115.3,2
52.03916467,120.0333333,3941.226764,849.6885057,1.633837301,15.02691365,50.60268992,76.34237214,100.5,109.5,116,151.5,2
40.24307103,105.0857143,1868.434612,627.3159664,1.554458041,15.412869,41.42249773,67.43590822,78.5,104,114,127.5,2
41.44124698,115.8857143,2205.228326,547.1042017,1.926950505,12.72668692,39.77343491,79.09314358,99,107,119.5,138.5,2
41.46370827,105.8857143,2489.739964,871.4571429,1.179439749,12.33198183,41.98488742,61.45834934,84.5,94.5,104.5,141,2
42.30915997,109.8857143,2072.12882,594.2218487,1.939820825,7.222152602,41.9599623,94.08541657,87.5,99.5,109,135,2
41.29008912,108.8285714,2119.421629,549.8521008,1.653187285,10.55576177,37.53776329,80.69094487,89,98,109.5,137,2
47.34479897,110.1142857,2961.880929,657.0453782,2.309946693,14.65735693,43.30030096,86.573765,81,104,119.5,136,2
57.54460338,96.57142857,4077.85351,301.1344538,2.412719884,17.29332124,60.28064811,100.3004287,82.5,88,104,114,2
52.11039304,110.8285714,3588.71782,522.3226891,1.648130376,14.57153058,49.22676615,98.47273954,92.5,104.5,120.5,130.5,2
45.14695198,107.4,2362.121725,463.3647059,1.365245143,15.66698494,40.27471968,95.41958503,89.5,98.5,110,127.5,2
35.6873077,113.9428571,1729.833096,1386.055462,3.800143835,14.60026898,24.51906652,76.33159935,86,90.5,109.5,136.5,2
29.8871655,103.4857143,1115.775046,1156.551261,4.582698465,9.24700517,22.01950359,60.67087014,78.5,89,96,128,2
30.10462883,102.0285714,934.8020374,1567.734454,2.951591414,9.935123685,28.18649231,57.73316871,77,81.5,92.5,134,2
28.3538771,100.8571429,1256.170096,1173.714286,3.397889538,7.523983895,20.74134799,53.8913809,76.5,88,98,121,2
32.38961539,101.3714286,1290.57566,918.2403361,3.98766646,10.24870351,26.69894337,67.08570735,79,88.5,101.5,128.5,2
26.44214566,106.8571429,1091.013137,986.302521,2.873750126,5.997062385,16.82348078,58.11324439,83,88,110.5,130.5,2
29.74251159,105.1428571,1012.087163,1311.94958,3.198338423,9.581981658,24.74612991,50.54030576,79,89,100,135.5,2
33.15604115,101.1714286,1762.823302,981.3815126,3.682371707,8.32097965,19.84185953,76.60375181,80,90,98,122,2
28.11827321,97.57142857,1094.302975,1242.957983,3.32802508,7.639802355,19.82289013,52.05641388,71,82.5,95.5,120.5,2
27.0573217,98.05714286,1018.844551,1193.055462,3.804410237,7.615282413,19.91507417,54.55319598,67,82.5,99,121,2
66.89464086,88.30434783,5047.468973,655.7667984,6.275985179,32.21929356,59.60740911,132.9347895,65.7,80.7,95.3,109.7,3
53.81312904,78.04347826,3986.61704,548.1343874,4.559171042,19.15686478,32.70815789,136.9358063,53.4,71.1,83,100.8,3
48.40362206,87.34615385,3905.484088,581.5153846,3.095154419,17.40314438,38.27967434,81.41013607,68.7,80,87.8,107.6,3
83.94004131,84.76923077,5758.805901,491.7846154,11.02478896,42.70057306,78.85368683,160.2583327,59.4,84.8,92.3,101.2,3
82.12135548,82.11538462,9535.924505,466.4261538,2.872738788,22.5807771,62.830537,194.3003038,57.8,79.9,87.1,101.6,3
70.68032257,83.11111111,5951.28897,424.5641026,3.524639174,30.89236594,48.55772017,162.0848329,57.5,82.3,94,103,3
53.60069928,86.07407407,3543.779873,598.5327635,2.26266462,23.91111929,46.98361102,93.44204054,61,77.4,89.8,112.2,3
51.67314869,89.81481481,3375.29906,576.6182336,3.276373325,17.45022651,41.08332336,109.2554916,65.4,85.6,104.4,112.1,3
66.95593049,82.85185185,5270.676177,620.2079772,1.952034093,28.97428461,58.28895443,153.3817489,53.8,78.6,91.7,104.1,3
54.90505547,82,3860.620641,466.6923077,5.542081334,22.95396914,46.94187317,79.49924531,61.2,77.9,87.7,100.2,3
45.05899967,119,4271.576108,1660.461538,3.184645814,15.13751697,21.27173399,79.67048543,83.9,101.6,118.1,159,3
42.6693054,117.0740741,2402.613508,2478.763533,3.783782297,14.92292577,30.78281101,100.4134246,67.9,88,129.4,161,3
47.89496498,120.5185185,4387.442561,2451.643875,3.454299156,14.17471022,28.43328341,91.60234383,87.9,97.6,110.4,146.8,3
40.99560951,154.9259259,2355.320472,4372.840456,4.482260485,16.83030715,34.24960594,69.79493977,87.9,127.7,164.5,224.6,3
40.99560951,154.9259259,2355.320472,4372.840456,4.482260485,16.83030715,34.24960594,69.79493977,87.9,127.7,164.5,224.6,3
43.32788517,131.6296296,2900.498396,2821.85755,5.838747396,15.61555434,33.48248446,67.55480754,87.9,104.3,128.6,163.4,3
81.15816167,103.962963,9761.704678,2438.190883,5.835735684,24.36578097,61.7046074,144.8771101,66.4,87.3,103.7,120.2,3
52.83383794,109.7777778,4139.113759,3180.102564,5.77105174,15.32343016,29.94702498,116.8654019,65.7,84.2,107.1,136.8,3
41.93616315,118.3703704,2383.707363,1928.549858,6.394506942,14.39332866,27.08616286,88.53704697,82.7,98.4,117.8,153.4,3
30.08919501,127.1111111,1280.417514,2429.25641,6.107270921,13.6363083,23.18776277,36.25922218,86.6,106.6,132.7,160.7,3
80.75075059,84.62962963,9533.506464,820.7806268,6.450027957,36.63805756,58.20611848,137.5949718,59.4,67.3,85.8,120.1,3
87.44111485,90.77777778,8048.329059,1061.102564,6.002902711,22.30683591,107.4512745,169.7765355,51.8,80.3,112.4,119.8,3
80.75075059,84.62962963,9533.506464,820.7806268,6.450027957,36.63805756,58.20611848,137.5949718,59.4,67.3,85.8,120.1,3
88.45459281,83.85185185,13633.70965,783.3618234,5.974503517,18.1487024,54.54895485,175.2220074,57.8,69.5,83.7,110.9,3
92.95396629,84.14814815,16187.10096,556.5925926,2.272100647,27.62838278,59.57250546,171.7008158,59.7,72.5,94.4,102.1,3
73.43254932,99.51851852,13276.62178,3895.720798,1.645673768,16.3091767,32.37832454,144.4337375,56.8,73.7,91.2,127.1,3
75.14822802,82.2962963,9268.860866,875.4472934,1.951441103,14.30239228,38.02220063,149.7041095,51.8,67,89.8,113.8,3
56.61068638,96.85185185,6064.243628,1521.131054,2.175401198,11.79812114,20.54637327,126.4403936,59.3,77.9,109.7,131.1,3
89.63755737,85.77777778,18115.61578,756.3333333,2.248220613,12.41828611,39.10628394,177.2680157,53.9,75.2,92.7,118.2,3
66.59976567,88.25925926,11704.90842,744.5840456,1.924607388,11.49962955,20.69666719,105.6921478,56.7,81.5,97.6,121,3
32.57754674,114.40625,1372.698462,1682.958669,2.716779353,10.78715788,20.44051529,61.24148611,71.9,94.5,135.4,157.3,3
64.26526246,88.79487179,3364.149539,1100.009447,4.108021328,35.93952949,79.1280536,122.5882322,53.4,72,88.8,128.8,3
65.53308824,85.94871795,3803.740884,789.5236167,2.222264633,18.89533403,84.546374,128.5338379,64.3,76,87.9,102.2,3
63.31859868,84.65,3298.825591,595.925641,4.828794182,28.8671801,81.38720806,113.088865,66.5,79.5,86.5,95.5,3
89.83139077,77.675,6215.660316,505.4044872,5.509926509,44.78368298,120.7863212,172.5249164,51,71.5,81.5,93.5,3
85.7997766,87.6,6070.331494,945.9384615,7.164165468,30.66981943,115.2223016,151.1741632,64,74,85,112.5,3
72.17181772,88.1,3327.510931,845.7846154,7.714162757,41.77237692,100.1924184,120.9025099,62,75,92,121,3
80.17708101,90.25,4731.513165,1074.038462,5.073910011,36.94686681,105.5806236,156.117625,61.5,71.5,95.5,129.5,3
59.14980012,89.65,3803.326878,927.0025641,2.203273108,19.76716742,64.35641512,111.6513849,58.5,72.5,96,119,3
70.28434163,82.775,3788.227324,682.7942308,4.050223944,36.5816,96.02436389,129.5813503,59.5,70,87,101.5,3
53.12025492,90.7,3320.952331,617.4461538,4.746037204,14.51402951,37.59251998,119.756321,65.5,82.5,93,115.5,3
57.12051036,89.175,3593.679577,632.0967949,3.808874206,19.80008879,45.54293716,124.2081738,65.5,80.5,93,111.5,3
58.40672232,89.1,4366.420218,782.8615385,3.310081212,8.221127215,58.29472481,124.2081738,67,76.5,91,101.5,3
57.22019901,89.425,3614.267299,632.3019231,2.90988747,20.17719457,47.18738188,124.2081738,65,80.5,94,111.5,3
71.58729686,82,5071.758925,531.8461538,5.861264638,25.84127277,83.51078408,134.3006071,64,67.5,83,100.5,3
60.09800967,83.625,3727.146425,558.4967949,5.263168522,19.60476878,61.3229779,119.756321,65,68.5,82.5,102,3
59.73866181,84.125,4349.042415,473.0865385,4.876731563,14.10657072,58.85336178,124.2081738,67,74.5,85,97,3
58.74312757,84.425,3978.697767,650.6608974,3.507323033,14.60627819,58.85336178,124.2081738,63,68,84,105.5,3
58.88426401,83.825,3997.784494,628.7121795,3.891801853,13.26525092,58.15538676,122.6446018,64,67.5,85,106,3
66.16433312,81.15,4582.962775,470.1820513,4.99123471,15.41778832,74.76055852,135.5435726,65,69,81.5,92,3
90.13543401,90.61904762,9792.651597,236.947619,6.86931304,14.72163154,91.78555073,221.0398903,73.2,90.9,95.1,99.9,4
70.07472593,84.52380952,8599.669429,266.2619048,2.731322324,4.832940859,43.78754219,177.8448232,69,73,90.1,98.7,4
78.06442365,85.47619048,8473.463717,402.0619048,5.102418543,12.93689339,43.68653984,201.4791871,66.7,74,88.2,99.6,4
61.45812162,83.68181818,6548.452332,263.6558442,2.751776696,10.30453058,37.89159932,137.1417386,73.5,78,82.7,94.5,4
65.06713823,81.68181818,6461.080421,306.6082251,2.755565423,7.247952848,39.71030871,171.3415653,64.9,74.9,81.7,95,4
77.49221058,85.09090909,10238.32132,423.3246753,4.369228611,10.78161164,40.91754571,194.7902912,69.6,75.3,88.7,109.2,4
66.12809087,87.95454545,7468.739918,351.2835498,1.988294833,7.016636904,31.87927544,178.5464445,72.6,80.2,92.7,105.3,4
58.71059071,84.45454545,5930.414707,410.2597403,3.210221185,10.15515986,20.60518744,138.5162808,66.9,76,85.1,105.6,4
74.71904693,83.45454545,9498.774073,322.9264069,4.148354197,7.271549164,38.16691254,191.3728795,68.8,75.3,84.7,104.2,4
75.87631905,82,9698.129335,326.2857143,2.569124322,8.307439275,41.89393394,189.9037279,67.8,69.3,86.4,96,4
89.46109064,108.0416667,11168.49116,660.9112319,1.786648949,6.964446305,83.81010573,225.6795967,87.3,98.1,107.6,126.8,4
92.61441217,93.39285714,9833.514179,456.9880952,4.869142786,11.79645484,120.428793,216.6027171,72.6,90.1,99,110.9,4
79.90390132,94.10714286,9379.058123,368.9140212,2.354156932,6.772896439,51.27914497,201.5596683,73.3,91.1,99.3,104.9,4
77.0140871,92.25,9374.05895,396.1944444,2.431832627,6.315781467,42.01911638,186.4650442,72.8,85.7,91.3,108.9,4
95.9587442,87.25,15542.97942,452.1203704,2.425926901,8.99138163,50.54425384,244.2137385,69.2,79,90.6,101.9,4
95.87381639,87.60714286,13646.5969,379.0621693,2.195616537,10.98874319,65.76258543,236.0802933,72,82,93.3,97,4
99.54603368,88.39285714,16017.71908,359.5806878,1.947618728,9.112469838,70.21656578,256.9430441,72,80.4,93.6,100,4
92.72746639,85.17857143,12502.4458,361.4854497,2.421515226,9.125024294,99.59053045,213.0127603,71.1,77,90.2,99.9,4
89.85614108,87.75,11837.68826,358.9351852,4.783856769,7.962186013,83.07140088,212.4317596,72,82,92,99.9,4
88.42320215,85.39285714,10861.49311,242.6177249,3.381272425,7.69742302,84.32187479,208.0458507,71,84.1,93.3,98,4
40.58791963,104.7142857,4015.807243,1630.21164,0.794217417,3.856986775,12.08667923,81.51642979,71,85.8,96.9,147.7,4
45.97229309,103.4285714,4760.847291,1739.957672,0.898934602,3.728277995,12.08667923,112.057357,67.4,78.7,100.7,142.3,4
46.04620585,106.3928571,4580.778222,1424.469577,0.890466883,4.524198269,12.08667923,116.145458,71,91.2,104.9,148.9,4
45.19538721,110.6428571,4784.878319,2125.793651,0.723776808,2.238186018,8.646192382,116.2766055,70.1,79.8,110.6,166.8,4
52.13104788,130.5357143,6370.234977,2554.109788,1.096813588,2.599336217,7.933300938,142.1429009,73.7,113.4,146.6,179.2,4
45.68916101,123,4721.717336,2387.703704,0.870303316,2.050564436,8.646192382,122.6696836,72.7,98.4,136.9,174,4
51.08262621,116.9642857,5440.128798,1996.998677,0.797550827,2.288751819,8.646192382,138.9924962,72.5,93,139,171.2,4
40.70547891,110,4061.790375,908.2222222,0.814965325,1.925329141,8.646192382,104.9778862,73.9,104.1,120.8,139.7,4
48.22740133,112.7142857,5119.058578,1673.396825,1.031508709,2.013168255,8.646192382,134.944471,73.3,100.1,109.9,141.5,4
54.48766326,110.3571429,5637.403512,1534.756614,0.595116611,2.925654101,18.21162062,138.1988801,73.6,96.7,106.4,139.8,4
78.39343652,82.78571429,7194.623812,688.9153439,1.039769828,7.030533187,101.3760685,184.692441,69.1,72.7,78.6,96.5,4
87.77957089,78.32142857,10202.37475,190.5224868,1.265747221,7.030533187,101.8899108,201.6027524,66.1,75,81.3,85.9,4
84.40061794,77.14285714,8861.025691,176.2010582,1.039769828,7.030533187,98.09411797,200.4842828,67,72.7,77.3,84.8,4
51.74168705,77.25,4708.036186,207.5277778,0.892226268,4.350695484,17.89043105,138.2384794,67,71.7,78.2,90.8,4
63.85036159,78.92857143,4810.646399,245.7724868,1.78100485,7.030533187,88.9050702,143.7742356,67.4,75.1,79,86.7,4
68.71693454,81.14285714,7590.833794,183.8306878,0.966557301,4.350695484,43.61853571,154.1693255,72.1,77.7,83.3,88.8,4
74.84838757,75.42857143,7297.266123,180.9206349,1.039769828,7.030533187,84.91428457,186.0498356,62.2,71,77.2,82,4
62.46129525,79.92857143,5491.924679,188.3650794,1.78100485,4.82774139,58.76545329,148.7507486,70.1,76.1,83,92.4,4
58.44281373,81.92857143,5564.286558,253.1058201,1.039769828,4.350695484,25.90859886,151.9873461,69.2,74.7,82.3,97.5,4
58.44281373,81.92857143,5564.286558,253.1058201,1.039769828,4.350695484,25.90859886,151.9873461,69.2,74.7,82.3,97.5,4
70.96589284,87.63333333,8648.233205,633.5505747,2.20141846,17.51866811,38.33992776,173.3749539,70,79,85.5,97.5,4
96.4320356,82.14705882,15219.05567,228.3110517,3.038378184,20.79209115,42.96863432,260.5849865,66,79.1,86.7,96.4,4
75.16671375,82.43243243,9124.698177,263.3078078,4.14786631,14.73837177,43.425533,206.568022,65,78.6,92.4,98.1,4
82.38582375,77.13513514,9988.064923,205.4534535,4.436390916,22.83435377,46.90911928,223.2510845,64.9,71,78.7,91.1,4
86.67716157,87.55263158,12747.04861,141.5512091,3.698979468,13.43868707,40.75344237,255.1554056,79,83.7,89.3,96.9,4
81.88271617,87.18421053,12564.82369,212.4246088,5.604655503,17.90524898,43.32371036,204.3714371,72.4,84,91.6,97,4
84.5798351,77.36842105,12815.87176,137.9687055,4.006813159,17.45875859,40.50194689,227.3237333,66,70,80.6,89.9,4
79.77345846,78.525,10359.37289,184.9737179,2.041388909,17.46533668,46.457447,211.5416285,65.5,70,80,92,4
85.65923915,78.47826087,17126.7024,190.7884058,3.389247414,11.81480361,39.42117585,186.4248059,65,67,83.1,93,4
81.43625018,78.80434783,13536.72637,207.805314,1.689490343,6.336733608,49.71903881,234.0251257,66,68.9,82,95.3,4
59.11915938,100.25,5262.853331,1255.833333,4.026544447,26.90840825,45.81518546,93.16579078,73.5,81,91,124,5
52.65020908,105.75,4395.674672,1597.320513,2.775132143,16.8130743,42.60454342,88.57470074,74.5,81,101,143,5
58.26314612,101.225,5150.20741,1634.948077,3.587800676,15.20922241,39.46305143,111.531968,73.5,79.5,88,122.5,5
44.47295502,97,4188.169623,1132.102564,3.587800676,12.26834972,28.39014861,62.58758017,72.5,80,91.5,112.5,5
55.86511461,99.325,5009.818614,1054.942949,2.11025913,14.28077715,35.28514118,118.5565937,73.5,83,94.5,121.5,5
44.57973101,103.925,3760.822794,1326.378846,2.775132143,15.71203194,34.54870718,52.9556828,78,84.5,98,139.5,5
48.23480075,105.95,4776.302366,1383.894872,2.231217592,8.453859768,37.74795457,76.80051972,76,85.5,104.5,133,5
60.21959562,98.275,6480.337566,1316.255769,2.231217592,18.75194824,41.89947913,102.0200351,72,78,86,126.5,5
52.35245819,103.025,5406.065582,1797.255769,2.254918388,12.99866581,32.71481161,77.7751112,75,82,93.5,117.5,5
55.54473992,101.775,5713.812734,1350.896795,2.775132143,15.66506059,41.87223058,85.68217515,75,82.5,91,119.5,5
48.80548836,113.575,5147.38315,2784.917308,2.914660033,8.600391269,31.95310915,79.98147353,74.5,80,96,188,5
39.57707581,104.375,2852.513633,1514.753205,2.775132143,10.37989796,27.55455994,62.76526788,75,80,91,150.5,5
40.24114849,109.3,3246.699624,1694.010256,2.775132143,11.0423625,27.55455994,48.28030282,75,84.5,100,162,5
41.39825092,116.5,3279.12607,2527.794872,2.556878963,10.94618054,31.95310915,55.62086961,75,85.5,105,177.5,5
41.53967813,115.025,3335.747979,2470.537821,2.775132143,11.0423625,31.57098561,66.57455046,75,84.5,102,178.5,5
32.12309756,118.425,1809.814506,2527.532692,2.775132143,8.711670786,27.55455994,44.60625558,75,86,108.5,189,5
33.34201224,117.3,1550.433958,2599.497436,3.490985518,8.16820156,27.55455994,59.32295076,75,85.5,110,184,5
38.66647081,118.525,2314.922685,2619.332692,5.572965567,11.98386383,31.95310915,60.96912294,75,86,107,190.5,5
42.34572454,108.45,4835.163847,1785.997436,2.479196736,11.0423625,28.27137107,49.25563586,75,82,104.5,150,5
40.35047948,106.875,3182.664972,1627.394231,2.479196736,8.16820156,27.55455994,62.06686684,75,84,99.5,146.5,5
46.5816257,94.225,5923.11377,693.8198718,2.479196736,6.974960864,24.17745191,45.03296818,74,78,89,115.5,5
29.83093958,94.075,1637.306465,668.4814103,2.479196736,6.974960864,21.50735679,43.78567026,75,81,90,113,5
45.54573729,92.05,5006.131474,608.8692308,2.479196736,6.974960864,25.00097724,45.03296818,74,80,88,113,5
35.82028999,92.875,3484.507381,555.650641,2.363365732,6.091509753,21.50735679,43.78567026,74,80,91,113,5
45.33946351,90.875,5238.308407,556.9326923,2.363365732,6.974960864,21.50735679,45.03296818,74.5,79,86,110.5,5
40.62790947,89.7,3754.149176,549.3948718,2.479196736,6.974960864,24.20748509,45.03296818,72.5,78,85.5,108.5,5
35.41554086,92.025,2495.440462,530.4865385,2.479196736,6.974960864,25.00097724,45.03296818,74,79.5,89.5,111,5
38.90764781,89.275,2841.957375,547.5891026,2.479196736,8.16820156,27.55455994,53.22867523,72.5,79.5,86,104.5,5
39.91318636,91.6,3137.242394,509.6820513,2.761937927,8.16820156,25.00097724,52.77423702,75,80,86,109.5,5
41.81198069,89.925,3793.607487,538.3275641,2.761937927,6.974960864,25.00097724,57.59013623,74,79,84.5,109.5,5
56.62415895,93.225,7362.42706,750.025,3.186889619,12.3065539,34.93661313,82.72506909,70,78,90.5,119.5,5
64.03023098,90.675,8600.965184,586.1224359,4.327206528,17.65902117,37.97727106,122.7128494,65.5,76.5,97.5,113,5
65.74729476,86.9,10663.2369,617.4769231,3.26797064,13.27156001,38.90917091,107.5605376,63,71,95,101.5,5
60.8778627,104.5,4642.784284,1646.717949,3.191030649,24.68422903,61.74947627,105.7838605,69,84,104.5,144.5,5
66.85121759,89.925,10586.49111,617.9685897,3.870821868,21.52978774,32.48839377,94.64788174,66,77,92.5,114,5
59.31599222,90.9,5805.756781,396.0410256,9.528429606,17.47667267,48.04805116,79.18145353,68.5,84,97,110,5
84.02443741,83.575,11579.40595,533.225,7.980436224,23.18421058,62.93469024,163.2901103,62.5,68,92.5,107.5,5
65.54618466,85.7,8754.762035,516.9846154,6.209167977,15.79163478,43.36317099,109.4477017,66.5,71.5,85.5,104.5,5
65.54618466,85.7,8754.762035,516.9846154,6.209167977,15.79163478,43.36317099,109.4477017,66.5,71.5,85.5,104.5,5
68.60379196,85.025,10378.50598,444.4352564,4.508260468,16.84961651,39.46305143,123.5413985,66.5,75,86.5,100.5,5
35.26290306,106.7,1326.070608,708.2153846,6.228511804,16.53613549,33.33927714,49.15134323,78.5,102,112.5,125,5
34.57587576,107.75,891.2321557,992.6538462,7.085417485,17.73930366,37.51209617,52.56920938,78.5,95,110,127.5,5
35.31567447,104.85,1378.586363,765.7717949,5.397124105,16.36557138,35.01535285,57.44799703,78.5,93.5,109,123.5,5
23.80279442,106.85,849.7926362,974.3358974,3.059854616,8.913189393,18.82573068,43.78567026,78.5,91,113.5,126.5,5
31.59980943,109.625,1730.342811,1001.778846,3.574725527,9.875096709,30.11311492,45.57557591,77.5,97.5,118,136,5
30.60568305,111.375,1571.133649,1341.727564,3.522200104,9.878157163,29.13984463,45.81518546,76,96.5,113,136.5,5
28.07808426,102.975,1351.352624,647.4096154,3.160128235,7.088627054,22.02669638,45.03296818,78.5,93,108.5,119.5,5
28.40393968,106.55,1041.169675,872.4589744,3.279044621,6.940159736,25.00097724,50.41185774,78.5,91.5,113,128,5
37.99853737,101.375,1696.642468,638.5480769,4.381386086,11.78306154,39.41175968,64.43983076,76,91,107.5,121,5
29.75928827,101.275,1636.66903,469.0762821,3.668274521,8.25462877,25.00097724,45.03296818,78.5,95.5,109,116.5,5
103.696086,86.275,14924.68319,331.1275641,4.008105104,18.34019501,49.91893532,247.3435443,73,79,83.5,97,6
117.9019274,80.325,16960.81161,110.5839744,4.680536139,15.90909705,121.019115,271.5210736,71,76,83,89,6
106.414531,81.2,15248.71925,163.0358974,4.404969695,17.64206294,53.58503585,254.5576794,71.5,78.5,81.5,89.5,6
86.65436718,82.925,11363.2897,197.4044872,4.008105104,12.04953544,49.91893532,223.3038196,71.5,79,85.5,95,6
104.8174702,83.675,13033.31991,236.1737179,4.008105104,19.53633498,95.30771463,236.5892705,73,77,83,93,6
102.9408516,82.55,17285.74821,135.0230769,3.206438723,8.80448191,47.60327074,274.1990151,73,79.5,83,90,6
87.91098199,83.35,13970.39113,238.1307692,3.51646615,7.203280681,43.89315474,199.6220575,72.5,78.5,84,90.5,6
90.38455774,80.775,13028.43523,247.9224359,3.524222256,9.127979189,46.61562357,209.4145485,68.5,76,82,88,6
87.43391618,81.575,11266.17641,147.1224359,3.339743048,8.973038693,64.7219685,204.2244439,72.5,77,82,92,6
95.46740221,78.45,12779.01874,96.1,2.930428925,9.846562212,65.98571556,238.7379065,70.5,76,80.5,86,6
55.22733586,79.05,6071.120426,311.9974359,2.705826468,7.163605943,26.70441337,115.2545928,70,73,79,81.5,6
55.83158142,82.3,5859.834596,383.9076923,2.705826468,6.828594301,26.11021178,131.9984359,69.5,74,80.5,88,6
56.63716158,79.075,5703.628486,204.8403846,2.930428925,8.399666178,37.81070221,124.1716027,69.5,73.5,79.5,87,6
57.21546801,80.375,7107.04819,895.4198718,2.750810399,7.163605943,30.64918557,112.0348836,67,72,75,81.5,6
68.89608383,81.525,10360.17718,434.6660256,2.930428925,8.00214451,33.36364122,129.7247645,70.5,73,80,88,6
52.15860085,83.475,5345.781164,466.4096154,2.408210189,6.828594301,25.31329166,126.7765612,69.5,74,81.5,95,6
67.31881965,74.9,10137.08174,305.6307692,2.508275376,7.163605943,27.28237631,148.8348257,62.5,69.5,74,81.5,6
50.73878865,81.6,5377.985124,336.0410256,2.515545576,6.584091064,18.34019501,110.6763623,70.5,73.5,80,92,6
51.86372728,78.65,5815.272185,215.0025641,2.508275376,6.632083027,23.06575644,100.9854739,70.5,74.5,79,82.5,6
47.66481124,83.825,5299.011982,534.9685897,2.075777512,6.584091064,17.0538102,87.28105453,70.5,75.5,81.5,87,6
84.83093349,73.725,10843.3008,152.3070513,2.750810399,8.399666178,52.41155891,223.6108265,67,71.5,75.5,79,6
69.04772018,74.625,7977.052302,173.9839744,2.508275376,7.163605943,37.81070221,188.0253228,67.5,72,75.5,80.5,6
66.50172824,74.25,8176.070208,184.3461538,2.508275376,7.163605943,36.05573504,185.022275,66.5,71.5,75,81,6
97.56135973,71.75,12140.73176,104.8589744,2.508275376,11.11115694,80.10761677,231.8090504,65,69,73,78,6
88.03978035,72.25,12632.95929,144.0897436,2.143979351,8.236996008,46.61562357,230.110866,63,70.5,75,79.5,6
89.24211158,74.525,12874.30796,88.56346154,2.143979351,5.961255779,46.61562357,240.3715883,68,71.5,76,81.5,6
83.23892488,74.375,11234.0727,84.95833333,2.079397384,5.291806412,37.81070221,218.131066,67.5,73,76,80,6
85.27787086,73.5,12178.26008,87.43589744,2.079397384,5.291806412,37.81070221,224.1946361,67,70.5,75.5,79.5,6
73.81549471,74.85,9731.564687,142.3358974,2.143979351,5.291806412,27.68476439,205.8697436,67.5,72,75.5,81.5,6
83.45776594,74.125,11676.83895,154.3173077,2.143979351,5.291806412,37.81070221,219.4765052,66.5,72.5,76.5,81,6
100.6423204,90.9,16378.90171,1127.066667,4.955849003,26.4948988,55.43972544,234.2484179,67,71,76.5,130,6
115.1298305,87.65,15957.7701,955.3102564,5.83526565,37.95551349,89.16340136,235.1094291,66,69.5,75,126,6
100.8758636,90.85,16960.05001,951.3102564,7.214385359,19.07634284,42.19246804,231.2343238,68,71,78,127,6
70.71575535,78.275,9500.921064,334.050641,4.331767748,13.65007588,31.72116006,162.8107581,65.5,71,77,88.5,6
103.0427204,86.875,15522.20175,908.7788462,6.135373042,29.70365585,61.14586996,202.3604826,66,68.5,75,122,6
79.32390594,84.15,11493.17867,712.4897436,4.595105288,17.45450713,36.86285498,188.9509201,66,68,75.5,112,6
105.0435327,85.15,17557.74392,865.9769231,5.70595978,28.66101675,59.42899964,241.9317958,63,67,77,119,6
113.2735127,79.7,17881.30875,542.1128205,4.636599461,29.84575838,65.71090615,273.1018555,64,69,74,99.5,6
119.0208732,81.225,19681.01069,545.7173077,5.265332844,31.89409583,68.46653615,261.8745637,64,68.5,75.5,102,6
97.29174048,85.75,13848.27633,720.9102564,6.23290735,27.86951054,49.91893532,216.1147528,66,69.5,77.5,118.5,6
107.538092,92.175,22290.5945,364.199359,5.536309648,15.72567783,47.95062372,271.9697947,74,88,95,102.5,6
117.8017435,90.4,24725.40692,354.8615385,4.031769901,18.34019501,49.91893532,301.4271916,73.5,84.5,94,101,6
87.62530005,91.05,14547.50261,362.4589744,4.494719617,13.17449816,47.95062372,165.8249461,73,86,95.5,101,6
136.4970698,92.025,27899.20319,370.3839744,8.236996008,34.9983131,49.91893532,347.7402031,74,84.5,99,102.5,6
121.7714556,93.05,33289.75394,375.3307692,4.077254747,19.87812224,45.9727172,274.9356001,74,88.5,98,106.5,6
121.9337046,93.125,31582.51715,405.8044872,3.823936888,18.34019501,45.9727172,308.487566,74,87.5,98,105.5,6
162.0292171,92.075,49147.07757,402.0711538,5.586832253,19.78449833,49.91893532,447.4050597,74,84,97.5,103.5,6
148.8799874,91.65,41739.1622,362.0794872,5.536309648,26.11364472,47.95062372,397.5646152,74,85.5,97,102.5,6
143.155294,92.3,39410.28284,370.9846154,4.170797032,16.62310429,49.91893532,440.3968041,74,85.5,97.5,103.5,6
93.14600471,91.1,15431.42891,356.9641026,4.008105104,18.34019501,45.9727172,222.3407496,74,83,94.5,101.5,6
116.066715,77.1,11364.9933,363.8358974,16.57595444,66.20265427,131.0785798,185.512824,57.5,69,78.5,98.5,7
126.2534519,79.65,16211.28376,361.4128205,7.384741575,34.56482565,142.7689689,268.6413733,61,70.5,82,99.5,7
121.4402424,73.5,12550.41172,197.2820513,8.876026288,52.80251273,131.7438577,220.1627287,60,69.5,76,84,7
82.03556982,77.825,8132.842584,334.6608974,3.956291527,27.79324765,72.43968319,179.6690245,64,70,77.5,91.5,7
121.4402424,73.5,12550.41172,197.2820513,8.876026288,52.80251273,131.7438577,220.1627287,60,69.5,76,84,7
89.42191145,80.525,11021.38779,432.6660256,4.366076467,27.60079137,71.25545676,157.4013481,63,71,84,96.5,7
113.0096676,76.35,14787.83818,397.4128205,4.648467126,43.09956686,92.04697849,240.8701348,58.5,68.5,74,93,7
102.9320642,70.75,9360.221592,262.6538462,4.793515984,42.18570903,123.4250415,179.1905715,53,67,72.5,84.5,7
98.85308017,73.225,10730.2953,384.4865385,4.648467126,34.21721582,100.88821,196.2023196,55,66.5,73.5,87.5,7
107.6332719,78.825,12728.078,240.4557692,6.662369501,44.35945321,100.923566,240.354319,67.5,72.5,80.5,90,7
71.88668496,97.025,6558.546591,1310.896795,7.113660576,23.28721779,79.54480906,106.1093742,67.5,73,93,142,7
57.21144901,101.425,2406.27783,1366.353205,7.022535744,20.0351699,69.55690705,108.9705444,68.5,74,106.5,144,7
47.00021579,102.425,2015.037784,1503.635256,2.804674328,17.86226176,56.39891296,93.59293058,68.5,74,103.5,149.5,7
49.94038021,110.55,2066.587099,2215.074359,5.972422607,17.86226176,57.52818443,95.34535841,68.5,74,122.5,167.5,7
47.00021579,102.425,2015.037784,1503.635256,2.804674328,17.86226176,56.39891296,93.59293058,68.5,74,103.5,149.5,7
47.91575292,109.725,2105.467148,2082.819872,4.427873308,17.86226176,54.23818692,100.5020407,68.5,74,123,162,7
49.67192953,103.2,2199.957988,1445.292308,6.507329688,17.86226176,54.23818692,100.6659956,68.5,74,111,148.5,7
48.43515158,108.675,1923.978771,2000.225,7.022535744,18.52237277,56.75024465,94.95123972,68.5,74,123,152.5,7
49.39032279,102.9,2022.546653,1625.374359,5.010503391,18.52237277,54.23818692,100.6267855,68.5,74,103.5,147.5,7
51.85685985,105.75,2294.751072,1756.858974,6.620547265,18.40277994,56.39891296,104.9417427,68.5,74,106,157,7
57.47485887,86.525,1976.256217,525.2814103,7.104384854,47.41272303,78.04222276,100.8375898,68.5,73,86.5,106,7
50.87809456,86.525,1789.012418,610.3070513,7.104384854,39.99516168,52.52504743,95.72134923,68.5,73,84,103.5,7
68.15596389,75,2567.647994,386.7179487,7.113660576,51.81944191,98.74786191,118.0510749,61.5,69,73,91,7
72.08365092,77.025,3056.391097,233.4608974,7.113660576,51.81944191,94.96608926,129.901339,64.5,69,77.5,92,7
60.64955135,79.95,1942.495429,291.0230769,7.113660576,48.69663304,82.83730682,100.0599746,68,71.5,78.5,94,7
45.97040307,77.95,1577.333855,498.8179487,7.113660576,29.27453856,48.68267792,83.03397635,60,68,73,98,7
68.97597976,78.525,4240.919356,312.4096154,7.113660576,33.50220363,82.20708187,113.945524,66.5,69,75,93,7
97.23531025,69.8,12800.27004,210.7794872,7.113660576,30.65492084,79.57157402,171.5407901,59.5,66,69,78,7
57.63227746,80.45,2054.263409,421.4846154,7.113660576,31.42211566,78.1789015,100.6267855,66.5,69,74,98.5,7
63.27427666,75.175,2963.736376,173.9429487,7.113660576,34.24055457,84.41801039,100.6267855,63.5,69,74.5,85,7
101.8229416,120.825,3080.594045,2249.430128,52.74296998,96.64223336,112.5406544,158.9034378,68.5,94,143,171.5,7
75.39185444,115.575,1715.32896,1996.045513,28.39606633,75.6751832,93.76704465,109.4711331,70,86,126.5,169.5,7
106.2013706,116.7,3472.248851,2180.061538,32.08776148,116.0209972,132.8259476,146.2696056,71.5,84,134,174,7
52.96796082,127.675,1197.360788,2010.891667,9.563522176,48.57367817,68.74716993,81.90870936,77,115,151.5,174,7
96.77546178,113.85,3108.705469,2138.387179,20.38283355,122.5583964,132.6426855,137.1854627,65.5,86.5,144.5,164,7
79.63091343,112.95,2987.611045,1632.510256,10.83076129,76.13631828,104.5837019,116.8308246,69.5,91.5,123.5,161.5,7
96.66726218,115.075,3172.228907,1555.609615,22.09128492,98.46496622,117.9177533,148.0988611,74,95,127,157,7
87.27807227,107.925,3219.621581,1449.301923,9.045814098,94.58864032,103.4817919,136.9815939,69.5,96,111,145.5,7
75.12935719,103.2,1988.710625,1137.651282,22.45813406,68.28710887,82.0356499,125.8626598,68.5,94,104,133,7
106.1793589,122.825,3313.769748,1420.507051,42.43199902,108.677696,117.2616164,157.2273415,82.5,107,141,162,7
81.06270149,118,4505.461942,1428.666667,12.14565659,44.22749062,88.46870798,158.8762663,82.5,106,111.5,160.5,7
91.9756425,105.8,4336.108142,798.6769231,19.41709736,77.06216174,103.2703282,157.3950051,78,102,107.5,138.5,7
84.15803823,108.325,4075.360512,721.9173077,17.44800539,53.87521474,101.6007771,154.1388272,82.5,105,107.5,139.5,7
92.62227074,119.85,3903.478642,1459.053846,26.63622926,79.73367141,116.6359855,154.1388272,82.5,106,116,161,7
87.95707035,112.175,4210.215683,890.250641,16.30945588,59.06812987,112.744024,154.1388272,82.5,106,112.5,147.5,7
74.77379694,118.975,5261.463993,1288.332692,5.891881226,23.41170365,89.51685343,157.3950051,82.5,106,131.5,160.5,7
78.126703,116.75,4457.299575,1265.269231,10.32255958,38.14293009,93.55250002,152.7353297,82.5,106,111.5,161.5,7
87.66216884,117.6,4864.952983,1296.65641,6.899433381,46.53607178,122.6553337,161.3380848,82.5,106,115.5,161,7
83.64841304,118.75,3930.692721,1262.448718,12.11801389,62.65834101,96.76433432,152.5718944,82.5,106,129.5,158.5,7
85.874322,114.525,4537.772477,989.2301282,15.98203531,55.80884055,99.42199529,157.3950051,82.5,106,125.5,148,7
165.2470529,83.55,26618.30148,337.3307692,25.72999451,95.77287532,165.0134008,219.90462,67.5,76,81.5,106,8
126.2213302,87.425,15648.31641,415.1224359,11.39723357,59.30638491,136.7684677,185.512824,69,76.5,91.5,106,8
115.9488966,85.725,16034.1302,451.5378205,6.122862451,58.25330672,116.2691897,181.416499,67,74.5,87,106,8
111.8138206,90.25,13115.60243,803.7820513,6.122862451,45.7453359,121.6943972,184.7108901,66,73,93,107.5,8
116.8608006,83.875,14247.25985,431.8044872,6.27782111,69.71487369,114.3423064,185.512824,66.5,75,84.5,106,8
111.3511499,88.675,17403.86983,736.4814103,4.817605668,43.70113192,95.62394425,181.416499,66.5,74.5,88,106,8
89.20227453,93.775,8059.714338,1010.999359,4.439679466,46.59966849,77.93383026,175.3686306,68.5,80.5,95,106,8
96.9084317,91.225,7802.993162,693.3070513,4.775558858,54.15345776,102.1773539,178.8660417,68.5,77.5,98.5,107.5,8
120.3952934,88.25,15042.66508,568.9102564,13.17678082,55.29468411,119.3216806,185.512824,68.5,76,88,106,8
120.6200991,84.025,12316.3203,530.025,8.26280772,65.7345585,142.7689689,185.512824,66,70.5,83,106,8
119.6579205,92.7,12356.81608,879.4461538,12.31056148,64.35825947,142.7689689,182.4743722,67,76.5,102,108.5,8
114.350023,98.85,12286.04841,1517.617949,11.27162523,59.77120021,108.4842984,182.4743722,67,76.5,106,142,8
114.7143538,99.35,12421.12074,1587.566667,11.60607272,56.8615089,121.8573611,182.4743722,67,76.5,106,146,8
117.4999874,98.8,12242.25236,1496.984615,13.86383528,60.01324706,135.1168751,182.4743722,67,76.5,106,146,8
112.3716282,96.65,12611.48056,1265.464103,8.040268305,55.28826607,110.4347286,182.4743722,67,76.5,106,126.5,8
114.3127106,97.8,12590.68864,1418.676923,9.167308478,56.8615089,131.4517759,182.4743722,67,76.5,106,131,8
109.5838426,98.7,12911.95587,1468.215385,4.728851574,48.81252564,104.8188549,182.4743722,67,76.5,106,149,8
109.086155,97.25,13019.65696,1473.474359,5.616246608,52.07410674,103.6868743,182.4743722,67,76.5,100.5,124,8
111.9144729,97.025,12670.60747,1412.025,7.099914163,55.36715019,111.3388877,182.4743722,67,76.5,102,119.5,8
109.1959819,93.375,12844.7234,956.3942308,9.461167219,43.34758975,97.73014178,182.4743722,67,76.5,104,107.5,8
112.1936324,87.775,12751.46052,631.8198718,9.461167219,45.9069558,116.2691897,182.4743722,67,76.5,90.5,106,8
105.7143443,85.75,13368.10964,428.7564103,3.058533047,33.096329,95.16532232,182.4743722,67,74,90.5,106,8
108.0696398,84.7,13144.85765,367.0871795,3.058533047,43.1036536,99.50174584,182.4743722,67,74,89,106,8
109.2891457,86.375,13103.79767,418.4967949,5.321084132,47.14188667,116.2691897,182.4743722,67,76.5,95,106,8
112.5087752,85.1,12796.81011,380.0923077,5.787445491,55.36715019,122.2382671,182.4743722,67,76.5,88,106,8
109.2521937,86.175,12967.14636,413.3788462,5.787445491,48.39719551,107.4754864,182.4743722,67,76.5,92,106,8
109.2521937,86.175,12967.14636,413.3788462,5.787445491,48.39719551,107.4754864,182.4743722,67,76.5,92,106,8
111.8048594,83.15,13086.67462,317.5666667,3.568957214,50.49732143,133.7310833,182.4743722,66,73.5,86.5,106,8
109.8520675,85.625,13037.65117,385.5224359,3.568957214,48.82666721,116.2691897,182.4743722,67,76.5,92,106,8
109.2194856,86.6,13064.55532,423.6307692,3.869981769,48.02464114,111.3695042,182.4743722,67,76.5,96,106,8
74.91887942,100.125,3870.648173,706.0096154,9.960965948,42.35891242,89.22546742,130.1570466,73,87,106,123,8
77.66109567,96.625,4006.664105,1049.060897,10.31981792,38.33290478,95.44912551,138.3821605,69,76.5,106,135,8
69.20449473,96.825,3785.082989,726.4557692,9.335082319,33.49821413,75.26795223,127.5027173,70,84,106,121.5,8
70.48310484,94.525,3722.44987,789.6403846,6.946145097,42.46698077,81.18127711,116.2691897,70,79.5,95,107.5,8
71.27612365,95.725,3902.853758,946.2557692,7.183332845,39.52594576,83.5150005,124.5259321,69,78,106,127,8
73.30981306,99.8,3989.884755,851.8051282,5.997501565,41.16002843,85.13297656,128.0739683,71,88.5,106,120,8
66.95919735,93.85,4040.834778,836.9,5.997501565,25.17906959,78.02623456,123.0387783,69,81,103,116.5,8
71.45312383,92.45,3770.072431,685.9974359,9.913367632,39.30163061,82.65511088,120.817571,69,75,100.5,111,8
73.16056619,98.65,3790.775194,1037.412821,7.02404376,46.23420723,84.41383058,122.3807556,69,82,106,140.5,8
73.51935092,94,3851.990504,591.7948718,8.247840656,39.77471661,84.90355196,127.4048319,70,80.5,103,118,8
68.80899963,99.425,4364.853788,840.250641,4.091543524,24.14902052,67.42463433,150.4129501,70,84.5,106,117.5,8
69.05502146,99.175,4294.217481,912.4044872,4.091543524,24.18716222,79.69243338,138.7526943,70,86.5,103.5,115.5,8
64.02395213,97.675,4244.686988,694.9429487,3.097966618,17.29504484,66.8740627,133.304836,70,86.5,106,116,8
64.13530465,110.1,4375.742421,1573.733333,2.934663802,17.8524615,61.19613184,132.5293091,70,93.5,106.5,159.5,8
65.25115948,97.525,4087.47762,564.8198718,4.091543524,25.7539331,65.51402999,129.7758658,70,93,106,116.5,8
62.47936477,98.575,4195.039626,599.8916667,3.097966618,18.11513227,62.02640255,129.4387243,70,93.5,107,115.5,8
67.11679849,99.025,4249.758839,828.1788462,4.177750688,25.13904354,82.72086066,135.8594048,70,88,106,115.5,8
66.51260828,98.4,4432.781919,583.5282051,3.097966618,18.18228836,78.17472789,133.8361427,70,91.5,106.5,120,8
61.22138997,98.225,4207.10478,660.1788462,3.435015452,16.99946479,57.94289125,126.4489581,70,90,106,113.5,8
61.43897329,98.625,4538.75951,742.1378205,3.097966618,14.80648411,55.81299704,147.4649915,70,87.5,106,118,8
51.58972926,96.175,6647.014774,2187.276282,2.950459986,6.188936864,15.88722342,83.46269665,67,71,81,131,9
45.67102156,98.075,4769.547185,2076.327564,2.74755487,6.7586935,18.06443987,93.25211805,64.5,73.5,85.5,132.5,9
60.26990439,107.2,7656.974701,2327.241026,2.360419089,6.188936864,30.04336601,97.59713132,67,75,110,166,9
48.55031045,100.225,5655.564446,1944.896795,2.808387687,4.898918611,15.2678989,92.50826994,66,74,94,150,9
54.47754516,90.875,5902.350307,1103.086538,2.327557977,8.33068035,31.44492764,91.7488866,67.5,74,81.5,122.5,9
62.81343618,90.95,8378.21581,963.4333333,3.399549176,7.488067311,26.72559094,136.9957538,67,74,89.5,112,9
65.59921923,93.5,9131.576362,1569.846154,2.429642854,6.188936864,29.70007121,124.3945205,64.5,74.5,84.5,121,9
61.61506824,96.725,8990.223252,2173.076282,3.958543062,6.188936864,18.0273663,147.0735767,68.5,74.5,82.5,114,9
68.72457089,88.6,9185.940898,1281.733333,2.238537718,9.910532217,44.36460818,118.2426269,64.5,71,78.5,120.5,9
59.11312218,86.45,8160.215001,1265.228205,2.260759777,8.130760862,20.7267611,107.3590571,61,69.5,74.5,121.5,9
45.93306846,97.1,4886.651081,1968.912821,3.049019955,8.254956498,23.19736668,77.44691423,64.5,71,83,136,9
44.10906032,98.675,3651.972276,2359.712179,3.049019955,8.254956498,23.44179597,91.47969299,64.5,71,83,136.5,9
45.07442727,94.375,4478.874185,1951.112179,2.836384478,8.254956498,20.47522673,82.93292865,63.5,71,81,132.5,9
40.68204872,117.4,3209.1662,4913.117949,3.817122341,8.254956498,23.44179597,82.48863618,65.5,71.5,90.5,195.5,9
46.46813057,94.175,4406.231542,1896.712179,3.049019955,9.272023179,24.18669826,79.41117386,63.5,71,80.5,131.5,9
43.78564699,111.175,4370.022575,3659.789103,3.396574859,7.583649072,22.97510307,72.00481282,65.5,71.5,93,168,9
46.11524092,96.575,3533.999285,1728.148077,3.685578193,9.272023179,27.99372173,93.38287334,65.5,71,90,141,9
62.32473665,93.275,9271.748494,1515.178846,4.419989449,10.70422887,23.44179597,125.7644256,64.5,71,80.5,138.5,9
64.94779811,91.75,10456.43246,1451.320513,5.435088614,12.83698323,31.31677422,102.7638163,64.5,71,79.5,129,9
41.39125719,103.175,2897.993185,2515.532692,3.295567768,9.272023179,27.40584306,85.79842434,65.5,71.5,93,145,9
61.02511556,83.825,7364.871279,875.8916667,5.435088614,13.83135303,36.27850717,105.1508307,65.5,71,77.5,94,9
49.13747594,85.425,3241.206343,911.5839744,5.435088614,12.83698323,36.27850717,104.0308113,65.5,71,78,97.5,9
53.52670906,82.1,5245.557689,931.1692308,5.435088614,12.83698323,36.26226008,85.62986814,63.5,68.5,74.5,93,9
56.20208282,80.8,5500.344439,962.9333333,5.435088614,13.85780413,36.27850717,103.7127612,60,68.5,74.5,93,9
57.31906527,80.225,4579.357637,960.4865385,5.435088614,15.64969102,46.84253619,115.8724713,60,68.5,74,90,9
57.56896212,80.1,4585.028655,970.3487179,5.435088614,15.64969102,43.00797787,121.6032047,60,68.5,73,93,9
55.98989516,81.775,4743.979105,926.7429487,5.435088614,14.85501937,37.78194204,115.8724713,61.5,70.5,76.5,93,9
60.38336224,83.375,5721.327242,884.4967949,5.435088614,15.64969102,36.27850717,130.8744456,65.5,71,75,93,9
58.50710464,83.5,5150.15133,900.4102564,5.435088614,15.64969102,40.3631378,115.8724713,65,70.5,76.5,94,9
50.3368418,85.825,3518.851628,892.0455128,5.435088614,15.64969102,37.09469597,96.18530256,65.5,71,79.5,98,9
48.59835839,93.65,1874.07683,1467.874359,6.954370788,16.94442284,57.80217924,94.05977188,67.5,69.5,92,120,9
43.34123546,87.65,1808.416883,1223.002564,6.188936864,11.81217588,46.03130026,84.70180977,63.5,68,79.5,110,9
39.91153198,94.825,1573.218339,1684.148077,4.494151316,15.59255667,39.73737289,85.52567008,66,69.5,88,117,9
45.81399037,92.475,1861.888353,1530.204487,6.087734456,13.75800871,53.78375138,83.41485057,62,70,90.5,119,9
45.9805827,99.075,1934.580366,1713.096795,3.686264203,20.71950813,50.56885869,82.68501863,66,70,102.5,123,9
52.01127588,85.225,2178.184509,801.6147436,7.101815797,21.23867831,65.54354634,94.82549206,66,69,81.5,102,9
39.69021253,93.9,1476.177972,1217.989744,5.128122441,13.22046026,40.20087285,83.92982247,68,74,92,128,9
42.98202035,88.6,1986.067868,962.5538462,5.87789113,16.06914235,42.07655782,81.76900265,65,69,92.5,111.5,9
45.34179306,89.325,1981.67222,921.199359,5.308872463,16.54570249,47.84254325,84.31740921,65.5,69,91,113,9
39.48997459,83.3,1293.344831,808.1128205,5.8260146,14.0059155,46.59256972,79.99879594,66,70.5,76,92.5,9
35.19020311,75.875,2622.062842,125.1891026,4.504865147,7.299230377,19.76687346,56.66746696,66,71,81.5,87,9
37.27754268,81.6,3520.631631,242.3487179,4.669955426,8.534080381,16.65405269,53.66708825,67,77.5,85.5,98,9
32.44585058,80.775,1973.699591,212.3326923,4.664942421,8.137409622,16.74643362,53.66708825,67,76.5,87.5,93,9
35.56250992,80.4,2580.58242,293.8358974,6.188936864,9.003338848,21.0221184,61.55634636,66,70.5,85,96,9
37.22766038,80.725,3649.361656,232.8711538,5.253716096,8.62823554,19.52048095,53.66708825,67,77.5,82.5,94,9
32.15385849,84.65,1854.294143,294.1307692,3.895316943,7.340674023,15.49080536,69.58751015,67,80.5,93.5,101,9
32.3372414,80.9,2142.789401,257.7846154,5.287429863,8.661747071,20.14604138,50.72632865,67,76.5,83.5,93.5,9
35.77019281,77.475,3366.613132,167.5891026,4.897207335,8.101786911,17.92814337,49.64909884,64.5,73,83,89,9
38.66897355,79.5,3134.851123,210.5641026,5.634634605,10.26857855,18.98342787,55.50616496,67,74.5,81.5,93,9
31.88010211,80.425,2711.289773,232.6608974,4.366518471,7.298798948,11.43439756,48.67898908,67,73,86,93.5,9
82.12982214,101.4166667,13113.64162,162.4469697,1.821654676,23.44650942,45.04297566,200.2403144,91.9,95,100.9,112.4,10
66.09664627,102.0769231,4360.53429,503.5769231,3.720942261,38.65155015,60.98805968,158.7110666,87,93.1,101.3,121.2,10
66.33928174,107.5714286,9516.460512,492.7252747,1.181401499,7.982674852,23.31337341,171.6859554,93.6,97,105.2,118.1,10
65.60991163,115.0714286,7754.528756,855.6098901,1.248117677,13.72144485,46.33504527,159.7452125,96.3,103.1,109.9,125.7,10
31.23140391,103.7857143,2350.54054,645.8736264,1.248117677,4.118348019,10.90140842,59.49551666,88,95.3,108.6,118,10
83.93506623,99.92857143,14170.5748,243.1483516,1.380963833,13.61923113,42.33139655,164.4627472,89.3,92.1,95,112.2,10
45.34142668,105.1428571,3696.469001,1642.901099,1.281044731,4.332669962,26.04889456,110.525633,84.3,87,92.4,127.6,10
78.82824266,104.9285714,13608.11529,496.2252747,1.965256629,15.07326969,29.46258329,157.275791,90.3,93,95.8,124.3,10
50.44247724,104.7142857,3206.624004,552.8351648,1.892283754,16.49527087,53.87944543,83.37793705,92.3,94.3,99.9,108.9,10
49.73290046,95.5,4825.191198,436.7307692,2.00587862,11.31620224,25.29183146,96.3842922,83.3,92.1,95.8,104.6,10
