"MEAN OF STE","MEAN OF ZC","VARIANCE OF STE","VARIANCE OF ZC","Q(STE) AT 25%","Q(STE) AT 50%","Q(STE) AT 75%","Q(STE) AT 100%","Q(ZC) AT 25%","Q(ZC) AT 50%","Q(ZC) AT 75%","Q(ZC) AT 100%","LABEL"
"44.698160737442","110.8064516129","1153.5992682385","3434.0946236559","2.78528405541","37.681113665395","56.065411872628","78.692369588826","72.5","82.9","106.1","151.1","0"
"64.449386034463","113.89743589744","4188.8722812306","3248.0944669366","3.1329453055009","32.021504431891","64.384215584823","114.98095892958","76.2","90.7","113.3","143.5","0"
"59.225942222319","102.1282051282","3240.3704332872","1813.0620782726","0.81160810060186","18.012060506657","76.10258931164","118.32114807114","69.6","85.1","97","129","0"
"49.476191624453","123.30769230769","2933.9343908707","5650.8502024292","0.5823035908277","21.158179120292","43.570365976888","103.3625675267","76.6","93.2","111.8","143.2","0"
"49.987821527466","120","3118.9241606975","5827.3684210526","0.45717880960475","20.263508571537","47.649690558868","96.805879483085","73","87.6","103.8","142.2","0"
"56.583837146377","106.28205128205","3882.3503252407","2691.2604588394","0.54519069048641","24.489765815366","50.265765717896","117.71374468471","73","88.1","100","124.8","0"
"52.564396897491","111.61538461538","2738.0734501031","4113.4534412955","0.587045345149","18.968190288535","64.67531954696","96.668941110725","70.9","82","100","143.1","0"
"52.564396897491","111.61538461538","2738.0734501031","4113.4534412955","0.587045345149","18.968190288535","64.67531954696","96.668941110725","70.9","82","100","143.1","0"
"75.858711735361","117.41025641026","5768.8961130546","4294.8272604588","1.010713774183","32.286863518345","79.265718363334","155.0063779402","73.3","86.1","111.4","144.2","0"
"74.616925596321","108.1282051282","4660.940873081","2807.5883940621","0.97634326655657","33.08658637162","105.4273811075","132.66016990347","70.2","91","102.9","138.3","0"
"48.165810735841","136.8717948718","3867.0721662592","2731.5357624831","0.32760485474979","3.2091554227902","35.889955818418","96.000817033708","94.9","118.1","144.7","171.4","0"
"59.301509346238","138.84615384615","6994.5053999306","3407.2914979757","0.32760485474979","1.99654599878","41.38951363094","109.29295625491","87.2","117.1","146.9","181","0"
"29.526132863611","141.02564102564","1264.4070576182","4629.9203778678","0.73138742421872","4.9408150232879","32.013678520539","56.204222272398","91.9","107.6","122.6","203.7","0"
"54.538903343719","122.17948717949","11500.47253833","3589.2564102564","0.30013673383672","1.6435298486717","12.19288128135","51.402710404906","73.3","108.1","118","152.5","0"
"23.396714963444","128.41025641026","1242.7882093933","3073.6167341431","0.30013673383672","1.6435298486717","16.104850560949","43.14230874263","89","109","123.8","162.1","0"
"48.073073131883","129.64102564103","6732.4273355608","3652.657219973","0.20474887707338","1.6435298486717","24.464128092488","66.269669784028","75.8","115.2","132.7","157","0"
"43.656744936668","131.46153846154","4666.3430647104","4133.3603238866","0.37029641247044","1.6435298486717","19.260319436221","86.766942095702","76.1","108.3","126.4","159.1","0"
"34.688657921216","140.69230769231","2062.2326312563","4784.5870445344","0.21596163335682","1.6435298486717","32.062551978807","65.678676325732","96.6","111.3","132.9","167.7","0"
"31.606274026472","136.53846153846","1911.5697117516","3138.2550607287","0.29563575610894","1.5952769619112","13.628078958738","64.846461015159","90.3","116.1","145.8","166.2","0"
"28.786132204936","142.92307692308","1461.415814408","3163.7044534413","0.31754696215423","1.6435298486717","20.692781549356","65.521747886549","102.9","118.1","156.8","174.7","0"
"45.239408491986","113.58974358974","3682.1932779402","5952.1430499325","0.76256470168757","7.7285022621582","28.270439098907","73.448392090766","60","74.5","102","127.8","0"
"36.712131676522","108.48717948718","2602.8576614499","4784.0458839406","0.94442479114375","6.4584454834165","25.521285172995","73.486386522214","62","73.1","101.6","118.7","0"
"64.80511463553","109.71794871795","7896.111592749","5645.2078272605","0.93742537277099","6.1676634734409","38.881843079241","115.97840791628","56.5","74.6","93.9","118.7","0"
"30.95467459606","108.28205128205","1576.2894141663","4729.681511471","0.97634326655657","3.941243189835","27.497773688887","66.978008598581","62","74.3","97.3","124.6","0"
"57.03519614107","110.64102564103","4426.0729707461","4812.709851552","0.76256470168757","10.315411917576","57.77456815832","118.80713061284","59.3","76.4","101","132","0"
"44.493121229237","112.15384615385","3225.4465334044","5197.6599190283","0.6847121440878","5.79297555147","31.620415677362","104.2707771757","61.3","76.5","105.6","118.7","0"
"31.755802241953","109.66666666667","2042.9872218688","3954.9122807018","0.76256470168757","2.9941610806925","26.215702870753","54.681784410753","63.5","81.5","105.6","132.4","0"
"30.615898873598","109","1564.9476280589","3699.3684210526","0.67939139128082","3.2359948581062","27.045014915142","54.482366291574","60.6","86","105.8","131","0"
"38.245765456229","107.66666666667","2521.5846218582","4533.2807017544","0.68416491129035","6.110578117502","25.056865634013","70.449529684339","60.3","74.5","95.7","119.7","0"
"51.102128499037","109.23076923077","7045.3673250534","4424.5506072874","0.76256470168757","5.4222833661679","17.913294117607","97.578986495424","62","74.6","105.6","128.4","0"
"16.643412983931","111.41025641026","490.31276359737","2455.1430499325","0.35426859303434","1.9324532031353","12.477446760174","33.568432055487","61.3","94.3","117.9","146","0"
"36.59705429222","108.82051282051","2445.8432995226","3447.5721997301","0.63949249483755","3.0740822420278","35.213940260684","73.64994807994","61","85.3","113.2","124.1","0"
"20.799605610004","110.15384615385","756.41066755587","3739.7125506073","1.0972494231571","4.4113873213108","11.907351779361","54.205444715371","60.3","80","98.4","154.6","0"
"18.22122918371","113.4358974359","748.37753596035","3495.5681511471","0.88420747830635","5.2037135195241","8.6960846537588","34.41343154397","67","81.1","107.9","158.9","0"
"20.331663013779","108.07692307692","1002.4167969181","3549.3886639676","0.77615070844256","3.7766071595971","7.016032590501","33.086437835409","61.3","75.4","103.7","146.5","0"
"18.97413626982","117.53846153846","713.73806977624","6332.3603238866","0.91458315145038","3.6233662987998","10.758005554522","29.38388010254","63","75.4","98.7","151.4","0"
"9.6108342080446","119.4358974359","150.5807469917","5063.5681511471","0.55755307149065","3.4304279607199","6.7407801279341","17.534554121098","64","81.2","107.8","169.7","0"
"19.201372349965","126","998.57506726641","6897.4210526316","0.55755307149065","3.5922684539415","10.888929845515","32.086926746136","63.8","85.2","107.8","152.1","0"
"19.201372349965","126","998.57506726641","6897.4210526316","0.55755307149065","3.5922684539415","10.888929845515","32.086926746136","63.8","85.2","107.8","152.1","0"
"32.388073276626","112.94871794872","2446.209908031","4766.3657219973","0.61635706777346","3.7439928973716","20.961456106252","45.097455319543","62.3","77.2","103.7","140.7","0"
"21.928511059289","130.46153846154","716.74805678043","5727.0971659919","0.40996192758804","3.8030256657669","17.345259612681","49.893111259141","75.3","90.3","128.8","179","0"
"78.889905583423","88.548387096774","9553.4937852238","662.72258064516","5.5168612480904","8.0277192786576","57.82469845478","167.48018138907","62.2","81.5","97","108","1"
"90.775142059279","85.677419354839","9812.9211219324","521.75913978495","2.2114236110075","24.436661259158","101.79298257371","190.79877447442","64.7","71","99","103","1"
"68.008764291201","85.666666666667","5939.9609047146","531.10416666667","2.9748332414513","6.6135755941928","69.170863378964","139.37398086318","65.1","74","90.9","113","1"
"79.932310854782","88.575757575758","11025.099328108","540.68939393939","2.1285139752993","4.1166184989069","64.203430561873","162.64643532971","66.1","77.1","103.5","112","1"
"82.183456806886","86.333333333333","8283.3540706732","1023.5416666667","2.3310662241561","13.988114448983","91.794122406892","188.27660228424","56.1","67.8","93.2","116.7","1"
"61.726954710194","86.060606060606","4683.4404540304","1097.0587121212","1.4946988813491","4.8182987019759","59.911940103262","147.2995476776","55","67.8","94.2","108","1"
"75.709330056415","83.060606060606","6538.1277237205","753.55871212121","2.4604963801352","14.936951131135","74.290429298581","159.17474475463","57","66","88.7","105.8","1"
"80.407842094522","84.181818181818","8170.2683384457","636.02840909091","1.5137716438307","11.821700858841","75.02278650222","180.59506006505","59.1","72","90.8","109","1"
"94.748769707036","82.878787878788","10604.260482174","671.67234848485","1.9253027078031","24.441844247887","103.04476084431","196.47005048929","58.1","70","92.8","106.7","1"
"60.523681772872","88.272727272727","5043.0090831489","748.51704545455","2.7696958774055","6.6541883404884","50.574440617423","137.42188926527","58.2","80.1","95.2","106.9","1"
"48.628122949323","108.27272727273","3215.6723358109","1940.6420454546","2.8461259002752","12.222630911991","39.868505671529","96.274329242957","72.6","86","106","158.3","1"
"41.540065173196","103.48484848485","3199.5027114966","1369.6950757576","1.4757383968554","6.0449706172529","23.50608406113","76.72217305399","72.6","88","106.9","129.4","1"
"46.66025180726","108.69696969697","3230.2690757163","1772.6553030303","2.2086974075454","9.5043406408698","44.375409198828","100.06512455522","72.3","91.4","104.6","143.8","1"
"35.044002478297","109.33333333333","2504.2271092204","1913.2916666667","2.1323992490965","5.3568221437351","18.686234723838","66.412134306497","72.5","86","114.3","153.5","1"
"31.426979110606","119.75757575758","2017.5886105528","3167.8143939394","2.5547433089012","5.3155887458033","16.777557334711","56.461576495646","72.6","100.1","110.9","164.7","1"
"27.483869863245","118.69696969697","1297.7287840726","2853.2178030303","1.8407796231306","5.6464553666427","22.203453786823","47.368581234357","72.4","93.6","117.7","174.2","1"
"40.508416770127","117.39393939394","3004.2785994614","3065.9337121212","2.2205888511746","9.2334885575366","35.761096020569","58.714715313131","72","86.7","111","169.2","1"
"34.527228362677","111.9696969697","1805.9565068881","2113.2178030303","2.4452898627551","9.7137489180472","28.368471956216","63.254333677266","72","89.4","113.9","158.8","1"
"36.338575714364","111.12121212121","2228.0727400929","1956.4848484849","2.1186832169694","6.797396616731","28.937332921102","69.170948027576","73.1","93.4","113.6","134.8","1"
"35.108696480632","103.87878787879","2601.0286932408","1695.4848484849","1.4169092056874","6.6937717260994","25.351778440852","60.29631281952","72.3","85.7","100.8","130.9","1"
"35.291525398432","88","5790.3867967141","593","0.20135809153301","1.7732860292513","8.5405003043213","35.786997221818","65.3","80.7","93","110.7","1"
"42.292429889258","98.030303030303","7209.1073965882","1102.8428030303","0.75781593560071","1.9136168942765","8.21557589374","32.415100122709","70.2","83.1","100.5","128.8","1"
"38.388358876196","87.787878787879","5809.4336417595","494.29734848485","0.24821551686386","0.80851518301684","10.262606898608","29.667474144822","65","83.3","97.3","104.9","1"
"38.868844736182","88.181818181818","5799.5072998843","503.59090909091","0.24877865446593","1.298505650753","9.2507236561705","46.099271346982","65.5","82.1","95.9","110.3","1"
"32.291058154914","86.757575757576","5672.2611143019","550.87689393939","0.17551691959391","1.0867384895136","7.1280712712854","28.031024359272","65","79","95.3","105.6","1"
"43.727623438333","92.727272727273","9115.199442316","949.51704545455","0.39927125460229","1.3351363581925","4.0703550398841","32.772945751401","62.3","84.7","96.8","120.3","1"
"35.801992861994","91.090909090909","5273.4212590992","537.77272727273","0.68988795687022","1.62324715448","8.9296283265721","27.779434550211","69.1","87.4","101.3","109.8","1"
"26.541795054868","98.909090909091","3252.6181201829","686.83522727273","0.56902907442155","1.7466273444738","7.4878459258711","16.689596902057","72.1","96","108","122.8","1"
"25.511021590103","101.09090909091","3211.0052402931","791.96022727273","0.52374547785476","1.3479017905436","5.7773148951497","12.44264988299","72.2","104.8","108","124.6","1"
"30.501199671243","102.57575757576","4601.7125367017","908.50189393939","0.85608185527535","2.0786919760033","8.4518088292974","27.045806953312","70.1","101.7","110.6","124.9","1"
"18.991053592041","113.21212121212","486.51023712372","1895.0473484849","1.2685659424566","2.5535776082426","14.127574665669","41.122227594836","72.3","105.7","115.2","135.9","1"
"46.580105304851","110","1856.8004132868","962.9375","3.5089083894374","12.26345622523","63.095460300668","87.252283128181","88.1","106","114.6","132.2","1"
"38.731661197792","108.51515151515","1525.0706538829","872.32007575758","3.5731681294507","7.0835373015233","45.69546696869","83.981785116954","89.2","105.7","112","124.7","1"
"41.513164837592","116.15151515151","2262.0736491827","858.13257575758","1.7936837361659","3.2430103101838","48.337916275784","87.742197030296","97.2","113","118.9","126.9","1"
"48.488928297044","120.18181818182","2429.0689639222","1733.0284090909","3.3429575958878","7.5588279921257","59.468014520448","106.49755584303","89.8","111.8","123.6","138.2","1"
"18.629695617141","128.33333333333","669.86910116121","2561.9791666667","0.8035266414278","2.9146820745722","6.2784300703083","51.562597382369","95.2","115.8","125.3","144","1"
"44.31937340447","112.9696969697","2433.5319499213","939.8428030303","2.4275654157768","6.9321270785662","39.72901638458","99.494697866321","91.1","100","118.5","142.6","1"
"44.31937340447","112.9696969697","2433.5319499213","939.8428030303","2.4275654157768","6.9321270785662","39.72901638458","99.494697866321","91.1","100","118.5","142.6","1"
"28.569379528984","118.09090909091","1145.0403487665","1146.6477272727","1.1481211069239","4.5146452441292","26.800551094326","50.21482641357","92.1","104","116.6","143.8","1"
"37.113004061122","110.57575757576","1388.1080623266","1351.8768939394","0.92496250625312","14.09984613446","43.410503069305","65.743823521079","79.1","96.1","113.1","140.4","1"
"42.110151510044","90.181818181818","2421.0048970644","605.71590909091","5.5878900017153","13.263756102351","37.60588521751","65.365005107916","71.3","83.4","91","103.5","1"
"77.101427850996","104.39285714286","6621.9468770541","307.87698412698","2.2848623435251","30.623134747527","79.754815502226","137.35605478006","86.4","99","111.6","122.7","2"
"91.281748873914","92.344827586207","8538.501032814","572.37684729064","1.9514977408632","39.607463658414","95.345233046936","192.18108919329","73.3","85.1","92.9","108.7","2"
"57.068067613406","102.36666666667","3180.9467862873","640.92988505747","1.9120801807313","19.236316568101","61.090017787432","117.72882480033","78.5","93","108.5","122","2"
"69.956793631873","99.290322580645","6147.0872791375","502.07956989247","2.0539368170522","19.469758831403","66.328114703482","135.87511838156","75.8","92.9","108.2","120.6","2"
"49.159022422295","99.75","3325.1119443057","358.70967741935","0.91695133710637","15.783669303311","45.328894476952","91.952415767742","81.8","95","108","115.1","2"
"59.094508191046","98.9375","4189.7595643875","386.25403225807","1.4211219887108","17.463267583718","51.762689708718","118.4633955616","83.4","89.3","101","119.1","2"
"66.270636971847","93.90625","5606.4787790558","491.89415322581","0.81625233630463","12.042650452431","72.376920916296","124.91786694279","75.6","90","97","113.4","2"
"99.986517084808","96.5625","10712.890776185","457.67338709677","1.6601596025017","32.81401944061","119.09170157508","183.7842989855","75.6","90.9","104","115.4","2"
"80.138574463811","92.28125","8660.6632656521","303.95060483871","1.0126066591492","11.014156365155","68.654245615683","173.37505783446","73.9","90.3","97","110.4","2"
"82.762038693984","91.125","8436.4925045955","545.01612903226","1.7341417946004","11.95413947335","76.081222290868","185.29123562298","72.6","82.2","92.7","108.1","2"
"25.068237450044","136.34375","1295.4752508985","2600.2328629032","0.67665418312914","1.709791791562","17.235208602176","51.8799125357","76","124.6","158.5","190","2"
"19.13277805766","128.9375","984.64160565102","2201.1572580645","0.2261962080792","1.393434354863","5.7293636229319","34.106551746857","76","122","134.7","174.2","2"
"18.50122225193","125.4375","831.25898823684","2160.8991935484","0.43878793472342","1.7244166404749","4.9119371772096","41.641496735146","76","104.7","140.2","182.3","2"
"18.697358806669","124.6875","832.4162714219","2204.2862903226","0.4893547616528","1.4909023503245","8.2633008808577","41.393876142248","76","101.3","132","180.5","2"
"20.405201357179","136.71875","770.52287520006","3041.1118951613","0.69872379197321","1.8635576284151","14.007818913766","43.058020108453","76","110.6","156.1","199.1","2"
"18.583154285813","130.0625","837.12584405317","2018.125","0.61213768655249","1.3482348256306","6.2890377017263","40.025197843407","80.5","118.3","144.9","167","2"
"19.480814048993","129.53125","996.88957048238","2857.6118951613","0.40772077149805","1.7083750356183","5.9104844403801","35.951316790001","76","108.6","139.3","174.6","2"
"17.823266275861","118.03125","920.2155308803","1637.9022177419","0.29875898849231","1.1307753069152","4.9207516168091","28.860487609548","76","106.6","123.7","152.2","2"
"21.147310162214","131.21875","814.14071174923","1972.2409274194","0.59390701707837","1.9646977676123","12.433250857398","46.867165899727","76.9","115.5","161.1","175","2"
"19.13277805766","128.9375","984.64160565102","2201.1572580645","0.2261962080792","1.393434354863","5.7293636229319","34.106551746857","76","122","134.7","174.2","2"
"22.334857322718","78.84375","1319.2473427146","605.61995967742","0.081430575149046","0.70785524308732","5.6179413335256","61.998017967382","61.7","67.6","77.4","99.5","2"
"38.287494115473","93.71875","4699.5688817845","986.14415322581","0.096361899861211","0.31553165408679","9.5315084658398","60.224575531791","67.9","77.5","95.7","116.2","2"
"36.643839084771","83.75","3144.1261026676","528.38709677419","0.082774346101772","0.35550241041753","11.204716432995","93.80505481808","66.5","76.6","94","102.2","2"
"29.102184256519","82","1972.9245725457","707.35483870968","0.084262850366539","0.62358218869907","19.047536731463","46.105788997266","60.8","72","85.4","95","2"
"37.643768296078","92.4375","4626.8682280741","854.38306451613","0.098972945053092","0.29208550023423","7.6258719166899","63.622443990535","70.8","79.4","93.8","108.9","2"
"51.94538738442","88.8125","7858.844040548","707.64112903226","0.20351851698055","0.72360900394195","27.026512614567","83.946970098007","66.9","76.3","93.8","110","2"
"49.505594783142","85.28125","6326.4197528217","1144.595766129","0.1816924302947","0.61487984935926","20.118814695294","103.60591680227","54.8","76","91.7","100.1","2"
"49.614959506452","90.15625","6932.4161373916","553.55544354839","0.18749319276032","0.52512448967557","17.284159830781","110.40237992585","67","89.5","99.4","107.1","2"
"50.415564056659","101.40625","7112.8971596724","668.37802419355","0.21975307976052","0.58269260804521","14.156462784428","97.921819860844","77.8","93.3","102.1","125.1","2"
"50.415564056659","101.40625","7112.8971596724","668.37802419355","0.21975307976052","0.58269260804521","14.156462784428","97.921819860844","77.8","93.3","102.1","125.1","2"
"45.842898634973","112.55882352941","3441.0495883168","736.3752228164","1.4177356204315","10.69452660067","49.789486809295","63.386881836047","93.3","98.3","114.8","141.2","2"
"32.299840456008","96.046511627907","1509.0531794518","643.18826135105","0.69153946510322","8.8399530219103","29.341760275431","58.771434728602","70","93","106.3","114","2"
"34.124793711638","103.53488372093","1827.2867182418","517.0642303433","1.0560995219636","5.477315811195","26.04082747346","67.74014183353","83.7","97.7","105.3","126.5","2"
"32.810613957794","99.441860465116","1944.4568111649","787.39534883721","0.49732968399175","3.2318454083384","28.515418148923","50.746144756748","68.1","91.4","101.6","133.6","2"
"34.810863351351","101.04651162791","1752.2154148145","488.23588039867","0.51229106700257","1.9971200743327","34.397514628939","84.130443838556","82","90.7","105","124.9","2"
"33.571096250419","102.27272727273","1825.5243116131","475.04016913319","0.75957417808119","2.3469183696152","33.083156690205","68.975808763239","83.9","91","104.5","128","2"
"37.603597977627","101.22727272727","2361.7742399548","515.66807610994","0.86694237600862","4.5498111435126","32.265019606451","71.386703833047","78.3","96.2","108.7","125.9","2"
"45.924041678625","91.272727272727","3371.6946808636","307.64482029598","0.81569454377396","6.2408534710053","38.324793618245","88.028231935785","76","85","99.9","108.1","2"
"41.237694087836","103.79545454546","2821.9220973077","452.67811839324","0.86174671029149","3.5221623007139","26.774424530042","86.156149113623","85.3","97.3","110.7","125","2"
"35.112085459407","100.5","1835.6912398241","402.30232558139","0.68213788548008","2.9943314319287","29.42939406831","74.90020577936","82.9","91.1","99.9","121.1","2"
"26.923401242364","106.90909090909","1342.2582368715","1219.7124735729","0.85278478693645","5.6145452360396","17.690318948587","51.632691478425","80.3","88.2","107.9","126.2","2"
"55.907660573202","82.296296296296","4100.2724110524","499.90883190883","2.4397090110967","18.159638442798","44.049503624469","103.77212340023","68","75.1","87.6","103.2","3"
"42.95754860739","73.793103448276","3217.6343293695","519.95566502463","1.9644139349163","14.974669173148","20.71454849162","102.196538192","49.2","63.3","80.9","94.7","3"
"41.975079208358","82.133333333333","3322.2265757997","529.77471264368","2.0938632618987","8.5304237063506","34.634859475633","73.436447324033","66.5","74","88","101.5","3"
"70.374760258136","79.967741935484","5075.155096027","508.16559139785","3.0154633994696","34.828665760872","63.391905314878","150.98127764041","54","77.9","84","98","3"
"66.509309076085","78.40625","7654.2089729021","526.63608870968","0.87902736106407","15.418118426168","46.702062521257","162.09530197992","52.9","72","86","96.2","3"
"59.955982639494","79.125","5012.8974622733","403.40322580645","1.3330721385625","18.049771415808","41.434485030089","121.71376600158","56.2","82","87.7","97.1","3"
"43.626175578007","79.939393939394","2913.9748263113","468.68371212121","1.1297561476865","12.452659960115","31.616071815711","71.146018989562","63.2","74.7","86","101.7","3"
"41.823040987305","83.090909090909","2833.9668774798","514.77272727273","1.4599329394077","10.386635863183","34.070262796098","86.583675290176","61.2","79.7","94.3","103.7","3"
"55.5385162378","77.69696969697","4372.2989089385","560.7803030303","0.98289482282232","14.679421781394","39.643443610614","110.33343847473","52.2","74.8","84.3","95.6","3"
"43.151796378719","77.787878787879","3283.0464621457","488.54734848485","1.6986281659962","6.9925446920606","33.254012671919","70.658965636308","56.4","69.7","81.8","100.3","3"
"35.842290275918","107.51515151515","3194.7446432657","1291.0700757576","1.1486661287348","7.0114370230149","18.778254411014","56.053908335478","76.2","91.7","105.9","138.7","3"
"34.683524308653","109.75757575758","2099.2446673416","2286.1893939394","0.8011036216253","6.8744437459498","22.83502646621","68.352547629479","64.5","79.7","116.3","149.8","3"
"39.852040631447","108.93939393939","3761.8445747979","2015.8087121212","0.65798175334831","3.6204815785341","22.525960687276","82.538355948982","77.1","90","106.5","122.9","3"
"34.539056698265","138.66666666667","2098.6697726696","3840.9166666667","1.4533653585403","9.1727375675928","29.719006364538","58.863040613542","78.1","99.4","142.7","185.8","3"
"34.539056698265","138.66666666667","2098.6697726696","3840.9166666667","1.4533653585403","9.1727375675928","29.719006364538","58.863040613542","78.1","99.4","142.7","185.8","3"
"34.252685765715","117.30303030303","2150.0798508552","2320.9678030303","2.0158889929351","9.1180893973227","28.534886213362","50.991482420267","78.1","98.7","111.2","146.9","3"
"66.657667787669","95.151515151515","8127.9661340981","1960.6950757576","2.0875237548703","8.6117680879192","47.684817997841","126.64795556862","62","78.7","95.3","108","3"
"42.394420292049","101.63636363636","3342.2260603667","2641.1761363636","2.0875237548703","7.392935479464","22.249704384615","97.581133334988","62","77.4","98.6","133.6","3"
"34.341964417156","111","2151.4283869845","1891.3125","2.0712959347512","7.0271338183296","18.467850047274","78.310787384814","70.6","87.3","111.3","157.4","3"
"23.774736663698","115.09090909091","1070.3569826136","2026.9602272727","2.2163834431691","7.2867556229664","20.117413192468","37.517406080217","76","97.7","115.5","145.8","3"
"64.794654906887","82.878787878788","8065.4884367569","892.29734848485","1.1149408817728","8.3312574099907","44.936740577243","102.4235433853","57.1","63.4","83.8","119.5","3"
"69.709623962234","101.69696969697","7113.0065023693","2129.6553030303","0.19620725950414","5.5527941374769","62.311026263301","164.49388982424","50.9","83.9","109","133.8","3"
"64.471491586015","95.030303030303","8106.3080043305","1974.8428030303","0.30229551736732","8.1936799411372","44.936740577243","102.4235433853","57.1","72.5","102.9","123.8","3"
"71.552204973712","94.151515151515","11376.922761401","1906.3200757576","0.40007795530928","4.6415419175805","23.536764053319","150.44853346038","55.3","77.4","90.9","122","3"
"66.568878965302","102.64864864865","12101.090945924","1758.6786786787","0.15716845940988","1.9520504291329","35.808578090581","120.07105618279","58.9","92","108.9","136.5","3"
"53.958782784289","109.51351351351","10035.874450562","3600.1456456456","0.2115927291062","1.2343034635572","19.296690953839","88.210872205006","53.9","87.1","107.8","150.1","3"
"52.959989843321","102.72972972973","6941.2304388235","2193.4249249249","0.15716845940988","1.696174845111","14.953637172492","126.79595064218","48.9","87","113.8","150.5","3"
"39.508541060221","115.16216216216","4628.2499551605","2582.3063063063","0.15347846498443","1.4678961682097","6.9722509886419","91.406563074936","59.7","102.3","137.7","162.4","3"
"64.126347963009","100.08108108108","13248.679418131","1678.1321321321","0.15122252965799","1.5111141964873","13.336173588988","126.86453399327","52.7","91","109","128","3"
"48.603441510978","102.72972972973","8852.4616973267","1644.3693693694","0.17013280285358","2.0924994930583","10.930549806652","65.161236974957","61.8","94","112.4","135.2","3"
"28.205737273337","105.48648648649","1151.6048875334","1377.478978979","2.0369064900201","9.0400358658575","18.574367572459","58.27342614432","70","90.3","124.8","144","3"
"53.843705975929","82.382978723404","2994.3975363495","843.45883441258","1.2344270494692","14.697498905003","66.187561574183","112.93358743365","55.5","67.9","85.7","107.6","3"
"54.5611291903","81.127659574468","3282.9441919436","667.50508788159","1.2648148410619","6.0353193209447","69.169906961502","113.43107822389","60.7","70.9","82.7","99","3"
"55.465652381005","78.744680851064","3033.1261171426","481.62904717854","1.9868875962604","14.735399580758","67.981447907058","103.24705153845","60.6","75.3","81.7","91.2","3"
"75.673852000959","72.957446808511","5197.410369366","433.25901942646","3.7741404712624","19.615403338528","93.731503655815","151.99461111199","50.9","69.3","76","93","3"
"72.163499709471","82.574468085106","5005.1201975852","854.77150786309","2.9289012085153","21.209265999672","97.406610330451","136.13089910943","60.9","67.6","90","103.1","3"
"62.011293631025","82.340425531915","2948.8045251817","688.79463459759","3.1282777952902","27.382703518267","91.206221224375","114.4308096909","58","70.4","88.7","109.3","3"
"67.762875057995","84.382978723404","3984.7964580981","857.63274745606","1.8820091052322","20.019885343187","89.067985320278","142.5600028272","57.9","69.6","89.5","118.3","3"
"50.177886883362","82.404255319149","3087.3698906383","732.33302497687","0.81211701875027","9.778598092976","52.652814836701","99.353516268837","54.8","74.9","87.5","108.7","3"
"59.923962095093","76.702127659575","3301.6827219378","560.43108233118","1.6539813732102","17.302066392006","77.436182291884","116.45946992847","55.6","71","77.7","92.1","3"
"42.620693538644","84.021276595745","2720.1715511417","577.67345050879","1.8457427548765","8.9820995172673","31.176732213183","102.79473162679","62","75.3","85","102.5","3"
"79.794068057667","86.875","8465.5991853498","445.24456521739","4.6923528078539","13.611648768069","64.289350458914","199.89672396506","69.4","82","86","96.8","4"
"55.564622893768","86.888888888889","6868.3789030453","1080.4102564103","0.89545899027344","3.3356541259482","16.80573511508","123.74004940826","63","72.9","84","99.5","4"
"62.667666502839","87.222222222222","7285.6126727028","1052.3333333333","1.4134192914915","7.003745564711","16.648691905013","182.39579875838","62.8","69.9","83.7","99.1","4"
"49.988426309715","78.37037037037","4984.4222159531","320.31908831909","2.3503758864695","5.8757258873657","18.400677517479","117.43197324945","65","72","76.7","96.5","4"
"54.61697571714","81.444444444444","5604.2764211215","586.79487179487","1.6869507520282","5.700451870614","23.979974365546","148.3126721357","63.9","69.3","75.7","106.2","4"
"65.584930747792","81.851851851852","8742.5193415476","577.59259259259","1.7184540247819","8.2308282275934","19.434223086652","145.94021179957","64","67.3","83.4","103.3","4"
"55.608100783494","85.518518518519","6337.892280049","683.18233618234","1.1266174662353","4.8786301703409","12.059493019593","168.49975590182","65.8","75.6","86.4","102.3","4"
"49.711584812213","80.814814814815","5201.0002785431","500.15669515669","1.0942962349326","5.9339566274386","16.078471899743","132.69393081575","61","72.3","77","102.2","4"
"60.553306695863","86.481481481481","7611.9835913595","676.33618233618","0.90470639502741","4.8461659088968","20.986712194895","167.46308392512","64","74.6","85","107.5","4"
"62.637946222824","84.296296296296","7883.5462469046","995.67806267806","1.1559491352144","5.2835741200678","16.643883058896","173.9405194909","62","71","81.2","100.3","4"
"70.841432401006","97.133333333333","8722.2238298731","560.18850574713","0.68185858352129","2.869312196811","23.069967964399","191.0646189429","78.5","86.5","96.5","117.5","4"
"74.630777387088","85.028571428571","8076.453500779","435.73445378151","0.59766127585835","7.6350517762691","39.51721527053","191.21923594006","66","80","88.5","102","4"
"63.095446311719","84.8","7464.1423699079","335.22352941177","0.59588600023599","3.8834851682335","11.29810328298","171.08737224899","69.5","81.5","90.5","97","4"
"61.820444312217","84.114285714286","7814.7307949518","376.63361344538","0.46039736794243","2.2317000251286","10.049810761173","164.32672277387","67.5","76.5","85","101.5","4"
"75.75960928415","84.314285714286","12268.452281405","644.63361344538","0.42924323459312","2.1237012287398","16.599502315982","181.95276310738","63","76.5","83","109","4"
"75.510405429067","79.885714285714","10938.785029955","349.16302521008","0.70121526301437","3.2517240634421","13.539149575042","197.32398856354","63","75","85.5","90.5","4"
"77.995708580402","84.8","12509.140486379","385.22352941177","0.31156387938377","2.0246876244173","18.720467098679","188.29311583987","67.5","75.5","87.5","98.5","4"
"72.641023401224","79.542857142857","9918.3424148426","294.72605042017","0.36725845614968","2.5357483991209","17.741020546068","181.22841407257","66.5","73.5","83.5","92.5","4"
"70.742708676292","81.285714285714","9594.5998647186","418.85714285714","0.52902629751471","3.4510831994322","15.170024144719","175.2942213564","66","75","84","93","4"
"69.888370300782","81.228571428571","8617.933797006","293.00504201681","0.40361119333851","3.6797271331801","19.443716060538","184.68722835613","63","78.5","87","95","4"
"32.658340890373","98.142857142857","3283.5720187611","1419.8907563025","0.40181674672383","1.1251603747087","5.5284791709384","57.022507486134","64","79.5","95","136","4"
"36.837886996117","103.05714285714","3777.8017578279","1891.3495798319","0.20895666595032","1.0980101575769","5.5284791709384","90.755710619647","61","76","110.5","150","4"
"36.469683440414","103","3556.8825521269","1472.0588235294","0.30571544464194","1.3024830469548","6.6648457084817","89.390586860474","64","85.5","108","143.5","4"
"36.673132565132","102.34285714286","3744.1866606722","2095.8789915966","0.33169671955022","1.3992469434738","5.5284791709384","78.147360855441","63","72","99.5","149.5","4"
"41.642415312048","115","4706.4696698264","2115.4117647059","0.70346407774446","1.7105114540586","5.5284791709384","112.15822568851","64","100","130.5","161.5","4"
"37.130807182539","107.97142857143","3674.8809380374","1894.4991596639","0.34183962651309","1.2702308774495","5.5284791709384","93.606915727784","64","87.5","120","152.5","4"
"41.441174315923","105.48571428571","4330.277134298","1766.7277310924","0.2865750708326","1.0149449598325","5.5284791709384","111.67374538766","64","82.5","121.5","151","4"
"32.866615843833","100.42857142857","3120.762806704","937.25210084034","0.41860865070018","0.95244212109954","5.5284791709384","71.530973625833","64","93.5","114","133.5","4"
"38.800849930771","105.17142857143","3915.5555154145","1630.6756302521","0.44906213736421","1.2433268411812","7.8685292791997","99.626772266942","64","88","113.5","143","4"
"44.018752621542","99.857142857143","4435.9192466135","1406.3025210084","0.39515335267496","1.0633753135262","9.4716364400832","119.3834224387","64","88","100","127","4"
"61.944778007364","73.171428571429","5974.1743372712","195.1462184874","0.22371138166137","0.77649949205229","47.549802534119","161.95448829566","63","68","71","85","4"
"71.035998934214","74.114285714286","8817.7055805654","193.92773109244","0.25516345852207","0.86697732950742","41.354182968838","175.08231693522","63.5","69","75","81","4"
"67.24839635488","72.485714285714","7386.3265537538","202.84537815126","0.33898538084928","0.77183982090058","41.528353359487","186.51660997158","61.5","67.5","73","80","4"
"40.951546522206","78.657142857143","3931.0111840431","887.34957983193","0.12482935281042","0.45488536903035","4.4156097019177","111.37537817847","60.5","65.5","75","88","4"
"49.649358415421","86","3968.2061047159","1151.1176470588","0.14084372807702","0.50478418608349","50.074068933035","114.58689820626","65.5","72","78.5","100.5","4"
"53.549314621678","82.714285714286","5935.8630586629","499.97478991597","0.13762190476014","0.48597756863202","9.1982442036575","140.80910269764","67","75.5","81","94","4"
"59.59976972724","77.685714285714","6149.9749381855","341.10420168067","0.22577108817689","0.58988059941743","33.497819537405","162.54980571237","62.5","69.5","76","95","4"
"49.598412530892","79.2","4617.1631503807","287.34117647059","0.2051971703131","0.76805873270802","17.256644223432","133.55635104356","66.5","74.5","79","96","4"
"45.266568048858","79.257142857143","4340.1280056225","319.31428571429","0.1520195786199","0.36348965639673","6.763775362842","135.57653876704","65","70","78.5","96.5","4"
"45.266568048858","79.257142857143","4340.1280056225","319.31428571429","0.1520195786199","0.36348965639673","6.763775362842","135.57653876704","65","70","78.5","96.5","4"
"56.833908537423","80.421052631579","6980.4815188713","512.73684210526","0.85608651574994","7.8443862265616","31.249092123977","105.29276334324","65","74","79.3","85.7","4"
"54.313707476716","105.44444444444","5199.3237756128","1048.641025641","0.80824336484856","12.394063080127","42.73035996364","84.263326296782","79.8","88.3","111.6","133.1","5"
"61.952713281145","100.84375","5378.4513196963","994.9747983871","0.78522676992175","10.447977958774","65.653681465165","117.27613969772","71.8","81.6","101.7","134.3","5"
"47.244929108307","104.84375","4080.6500876205","1226.78125","0.93533152704793","14.552568187453","32.769889431136","75.568459608204","76","84.6","102.1","147.1","5"
"51.747657823816","107.625","5330.135800496","1226.1774193548","0.77596451514659","4.2476765835438","37.214779522468","87.011422522182","76.8","89.2","108","133.7","5"
"67.000909364688","97.53125","7019.934074603","1341.8699596774","0.74264429217051","19.791048961216","51.996195695075","113.43796379065","68.7","73.6","97.4","122.1","5"
"57.066852243051","106.625","5910.6558095549","1784.5","0.66875346831365","8.4689635960387","49.732138547673","82.767699733146","73.9","87.6","95.9","142.5","5"
"61.105863104528","101.71875","6230.0544857703","1265.1764112903","1.1790273321496","12.536265657407","56.29634460981","95.930911425283","73","79.6","101.1","129.4","5"
"36.436956261748","111.30909090909","4322.095992248","1174.3286195286","0.0024532297037146","0.0086601779171574","7.7960672818164","72.826715608612","72.5","107","119","140.5","5"
"37.389887765191","101.27272727273","3343.4862251228","1130.0909090909","0.17105020800331","2.0501676606826","26.015453586038","69.329463274046","70","86","107","125.5","5"
"41.17249934627","98.909090909091","4017.6783707012","1244.2323232323","0.14361894377305","0.91341019508983","22.840447969831","85.068899918616","68","78.5","103","122.5","5"
"27.191840799554","117","2410.0629266262","2530.6296296296","0.14361894377305","0.91775987828206","12.307091781671","42.883490496754","69","93.5","115.5","184.5","5"
"27.689421096326","111.30909090909","2659.1989594188","1942.3656565657","0.14361894377305","0.93872156352425","12.307091781671","42.854211649881","68","93","114.5","169","5"
"19.917430557165","110.81818181818","1418.5937118881","1666.8922558923","0.10879832060775","0.62100454211585","5.4335572609596","34.700347560405","69","98","114.5","156.5","5"
"21.70967229136","114.14545454545","1221.1231321964","2113.9043771044","0.14361894377305","0.88178106998827","12.017286801138","37.269272578799","69","97","115.5","169.5","5"
"25.344854917281","114.78181818182","1821.3178938591","2152.7663299663","0.17105020800331","1.6469723108822","12.307091781671","42.883490496754","69","94.5","115.5","172","5"
"27.75626864428","107.63636363636","3617.8238863576","1634.4208754209","0.14361894377305","0.90655701926267","8.206128875332","41.453731664046","68.5","91","108","144","5"
"26.427922890594","103.92727272727","2379.047461014","1278.1427609428","0.14361894377305","0.70406807110893","8.2709168814927","40.950930624707","68.5","91.5","108.5","130.5","5"
"32.49243688605","109.52727272727","3844.3155808467","2094.7723905724","0.16104044366131","1.1271023489454","7.162621575543","44.982590483184","67.5","83.5","110.5","167.5","5"
"26.008191463604","102.96363636364","2194.4277496163","1255.8875420875","0.14361894377305","0.88178106998827","10.648603042517","42.288518971009","68","78","111.5","136","5"
"25.643156854284","106.29090909091","2504.2024916619","1268.5434343434","0.14361894377305","0.73033002540993","10.648603042517","37.269272578799","69","92.5","115.5","143.5","5"
"22.221704542508","88.309090909091","2589.0343089891","827.84713804714","0.03862947292054","0.20667275546738","1.9171542541519","26.119807767354","64","72.5","93.5","115","5"
"29.52488453707","91.127272727273","3854.1268893244","1036.6316498317","0.042352078266941","0.26358948562703","3.3047473874276","31.60256583849","65","73","88.5","115.5","5"
"26.584060184089","86.545454545455","3000.9074291766","789.28956228956","0.030219305121013","0.2088799114807","2.7085159033438","31.60256583849","61","70.5","89.5","108","5"
"21.50095441529","89.945454545455","1916.0076532215","879.05252525253","0.020792921659653","0.17105020800331","1.5610855105291","31.60256583849","65.5","72","96.5","108","5"
"23.951070058079","87.454545454545","2183.66275619","871.47474747475","0.032593967775123","0.20667275546738","2.4009639791184","39.686942330026","64","72","82","111.5","5"
"24.125760708705","95.963636363636","2320.1646468171","1019.8875420875","0.02249691247277","0.14361894377305","1.7967897197457","34.218829531899","69.5","80","102","115.5","5"
"25.753365365968","91.545454545455","2808.6133020798","936.36363636364","0.029654844083157","0.13133708422978","1.5385723043959","37.269272578799","68.5","76","91","113.5","5"
"29.314834254949","103.14545454545","4404.4879873992","2231.7191919192","0.033255409709924","0.12100532198726","1.7060949953237","27.245356586813","66.5","76.5","105","123","5"
"17.472421303371","104.76363636364","1349.15409598","2056.5171717172","0.023282616615031","0.068921996639742","0.67353295595652","31.399857911757","72","85.5","105.5","122.5","5"
"29.073259555482","96.527272727273","3854.3737707945","1215.2168350168","0.036559673999193","0.14018950435299","2.0300395911893","31.85433014851","69","78.5","97.5","119","5"
"44.939802727207","98.836363636364","3607.8446436835","1035.2134680135","0.29657694066814","3.1777438152878","39.606046803712","83.730175932654","69","85.5","104","123.5","5"
"48.51758501152","85.890909090909","7629.5232644655","571.17306397306","0.23955658173762","8.8207944898015","27.102478631459","44.306674090845","59","74.5","95","109.5","5"
"42.201813771048","85.909090909091","4470.0927359758","398.52861952862","0.31902833490584","9.3233373418716","24.862204624291","68.896571030967","65","79.5","88","107","5"
"60.482252716168","80.709090909091","8792.4842522404","517.32121212121","0.32161466960375","7.9419792349281","30.327644086778","73.69988223436","58.5","64","89","104.5","5"
"47.995546213062","83.254545454545","6567.4200502199","535.97104377104","0.35957491505436","5.225594478635","27.87279217292","48.311750841078","62","69","90.5","104","5"
"47.995546213062","83.254545454545","6567.4200502199","535.97104377104","0.35957491505436","5.225594478635","27.87279217292","48.311750841078","62","69","90.5","104","5"
"50.157901889445","81.654545454545","7657.882037221","481.85993265993","0.43145965758375","4.3853759142086","23.525466304532","49.186984599729","61.5","72","82.5","104","5"
"41.224588726077","87.545454545455","5441.193294536","685.10437710438","0.1727549719564","2.8909121804404","25.648555039915","40.4090321687","62","73.5","92","111.5","5"
"47.177882811876","86.872727272727","6492.9492366601","546.44646464646","0.36885204029295","4.5507173673099","24.568351003673","46.26003169276","60.5","76.5","92.5","109","5"
"47.210999587657","83.527272727273","7535.3198701185","611.29090909091","0.1682258062646","3.4913805203067","20.815169820179","39.190012580863","58","70","90","106","5"
"15.13619692705","97.109090909091","601.76674477584","904.06195286195","0.15916255543655","2.3869764881029","8.7724103042195","33.193165580379","70","84.5","106","121","5"
"93.313528988134","70.620689655172","8207.8044239503","382.45812807882","8.1657854875821","32.173435811955","87.876563817733","209.50286260074","51.9","61.3","71.6","83.8","6"
"126.72989742495","66.058823529412","12012.601854456","167.99643493761","13.006297438175","71.281734932541","149.95098268935","242.59827297762","53.3","60.6","70.9","74","6"
"88.576416443778","74.941176470588","11051.782884808","597.75401069519","2.9829367567465","31.126282565089","55.0098908083","213.09573180571","51","62.5","78.7","89.7","6"
"116.64152115942","68.764705882353","14657.577021594","470.48841354724","4.2046870215217","38.038446019312","104.79981276772","272.55981984857","51","55","67.4","87.8","6"
"104.15549431139","62.117647058824","8965.9126503544","254.89483065954","7.1727614935802","44.418679163882","137.15632028559","170.49628170919","48","50.1","64.9","77","6"
"100.04922218916","65.088235294118","10650.966722062","385.41622103387","5.2564903726293","30.543505802962","100.24356594869","203.14214257829","50","55","63","77.8","6"
"110.3334552443","72.470588235294","12588.727308376","266.07486631016","7.1232530305939","41.054425301182","105.65012776056","248.27884282761","58","66.2","76.7","84","6"
"103.19085567124","65.352941176471","11634.395469754","296.7807486631","3.2457478215703","35.091934751051","109.02639074755","175.22084005842","50.3","55","64.8","80.4","6"
"115.49836983501","69.323529411765","17045.45141862","354.89215686275","1.9726174271743","20.31936062884","115.62073855349","285.95574375331","53.3","58.1","71.7","84.1","6"
"126.72989742495","66.058823529412","12012.601854456","167.99643493761","13.006297438175","71.281734932541","149.95098268935","242.59827297762","53.3","60.6","70.9","74","6"
"53.24213952714","109.64705882353","2688.1539268921","2208.174688057","1.9980901419161","22.555196673815","77.029300461664","93.505403699445","57.9","74.3","141.9","159.4","6"
"38.156856159143","103.58823529412","1634.8786292088","1469.825311943","1.3875666676684","5.9882592725843","38.749821357225","80.094502228827","66.3","77.8","122","142.1","6"
"39.503734258498","110.94117647059","1723.8895321066","1999.8146167558","1.6951250820961","9.8585912655494","39.445199126821","90.091035417174","66.3","85.4","138.9","153","6"
"42.647806797381","103.44117647059","1987.5189583449","1324.1934046346","1.6951250820961","11.347388781873","37.530878390793","98.741764733472","66.3","85.4","125.1","143","6"
"40.704924191206","113.82352941176","1613.7500669692","2070.8770053476","1.9980901419161","12.955709124185","42.440916116549","81.508061659128","66.3","94.1","138.8","153","6"
"41.716094399667","105.17647058824","1683.536649493","1735.9679144385","1.7186889581756","16.378976689637","39.445199126821","89.235042502353","66.3","83.7","112.5","150.1","6"
"44.209021747823","105.32352941176","2055.6016641557","1558.2860962567","1.7707487609907","7.9521348098466","45.76282559121","99.301352986814","66.3","77.6","131.2","150.4","6"
"42.025980066516","102.44117647059","1794.8419345826","1671.3449197861","1.3512773337873","14.04414135468","39.445199126821","95.819920002834","66.3","78.3","122.3","134","6"
"51.241833274411","101.14705882353","2103.4568163142","1244.0080213904","2.4679476186706","18.333081876861","72.095144747012","103.09272980716","64.6","78.4","113.9","138.7","6"
"38.156856159143","103.58823529412","1634.8786292088","1469.825311943","1.3875666676684","5.9882592725843","38.749821357225","80.094502228827","66.3","77.8","122","142.1","6"
"57.643355171332","80.882352941177","3116.713408218","740.47058823529","0.69709512715879","7.688539902178","75.926610640995","119.16725880204","60.9","73.1","80","97.8","6"
"36.722406798935","99.558823529412","1700.1782358807","1198.6176470588","0.28028085608393","1.6374173280821","54.311661730431","87.174040398599","67.3","79.1","103.6","128.5","6"
"25.783631925589","84.794117647059","803.25177514378","1102.7745098039","0.28028085608393","2.3688958545401","35.686889717913","50.068359146719","55","65.2","94.1","115.4","6"
"53.058293836242","87","4668.223154382","656","0.59969996020291","2.2015502691705","59.480865359257","100.37344910145","65.3","74.4","88","105","6"
"84.862406046342","80.676470588235","14119.459879395","1065.4376114082","0.31010064909987","1.946330308896","57.752008303971","217.9279898958","55","63.2","73.9","105.7","6"
"39.44499669504","88.117647058823","1766.1549091297","721.68270944742","0.41222803215521","2.3946109436941","59.61844192962","81.872614227431","65","73.1","96.8","111.6","6"
"45.819804379605","83.147058823529","2947.2344743959","563.58377896613","0.24079699078431","2.0365673176652","64.886346033956","89.262890823664","65.3","71.2","81","102.8","6"
"34.813635987704","104.94117647059","1518.2740375205","1527.2085561497","0.25913864619102","1.946330308896","47.780412696002","75.900909605377","70.3","95.2","109.6","127.7","6"
"27.570061149411","97.411764705882","1033.491296004","1127.5222816399","0.38896951777236","1.7002903873838","38.033848867729","48.900667927439","70","79.1","105.7","122.4","6"
"47.912051000214","88.911764705882","2610.3471769","1612.6889483066","0.29985603317107","1.946330308896","70.116960582932","108.28159853577","52.9","69.3","83.8","122.3","6"
"48.219447561692","124.92857142857","1070.4730917374","1263.9703832753","3.9678751251928","47.822897773427","64.450801051778","77.020415934496","86.6","109","141.4","164","6"
"84.00695901624","106.13043478261","2897.2476384525","1724.5603864734","9.5458148597529","94.877078800208","120.99333287429","127.40526365532","64.4","82.7","126.6","150.8","6"
"68.36933474495","103.0652173913","2732.3615356283","1290.1512077295","3.804112120443","59.296990226489","90.284665818211","107.65203382361","64.7","84","108.2","148.2","6"
"83.901112330712","105.78260869565","2946.3707465788","1211.1961352657","6.3284915682007","89.657005374794","101.13334257115","134.22994105878","70.7","88.8","113.3","145.2","6"
"75.251205902045","99.065217391304","2929.5038058247","1202.8178743961","2.0809658625909","83.624886813387","94.80102975407","124.72926827667","66.1","85.8","100.1","133.9","6"
"65.275972169613","94.673913043478","1838.3439016703","908.6690821256","13.907442962365","62.939726941075","71.875223595387","115.54910066263","67","84.9","96","121.5","6"
"92.184694646454","113.28260869565","3067.3053050607","1092.8739130435","23.283894144679","99.297148992713","103.62469612716","144.0541196931","77.7","99","125.1","147","6"
"88.756413402087","109.76086956522","2957.7559782744","1804.6748792271","22.691125920389","84.720586272481","102.24944010806","144.80942425323","65","83.7","132","155","6"
"65.447667622664","106.69565217391","1623.5815146243","1586.7942028986","12.819018038937","68.181770484499","84.379495195769","99.778076460126","73.1","79","109.5","155.5","6"
"92.073166534156","108.47826086957","3335.8845373734","1640.6550724638","9.9414466763743","106.84523123341","115.97560347309","138.38933256446","68.7","86.7","119.3","155.5","6"
"73.144071334984","105.78260869565","3502.024849785","1522.4405797101","3.8116223032288","40.652530525944","97.846688353585","132.58986788348","68.7","83.9","105.1","150.6","6"
"93.313528988134","70.620689655172","8207.8044239503","382.45812807882","8.1657854875821","32.173435811955","87.876563817733","209.50286260074","51.9","61.3","71.6","83.8","7"
"126.72989742495","66.058823529412","12012.601854456","167.99643493761","13.006297438175","71.281734932541","149.95098268935","242.59827297762","53.3","60.6","70.9","74","7"
"88.576416443778","74.941176470588","11051.782884808","597.75401069519","2.9829367567465","31.126282565089","55.0098908083","213.09573180571","51","62.5","78.7","89.7","7"
"116.64152115942","68.764705882353","14657.577021594","470.48841354724","4.2046870215217","38.038446019312","104.79981276772","272.55981984857","51","55","67.4","87.8","7"
"104.15549431139","62.117647058824","8965.9126503544","254.89483065954","7.1727614935802","44.418679163882","137.15632028559","170.49628170919","48","50.1","64.9","77","7"
"100.04922218916","65.088235294118","10650.966722062","385.41622103387","5.2564903726293","30.543505802962","100.24356594869","203.14214257829","50","55","63","77.8","7"
"110.3334552443","72.470588235294","12588.727308376","266.07486631016","7.1232530305939","41.054425301182","105.65012776056","248.27884282761","58","66.2","76.7","84","7"
"103.19085567124","65.352941176471","11634.395469754","296.7807486631","3.2457478215703","35.091934751051","109.02639074755","175.22084005842","50.3","55","64.8","80.4","7"
"115.49836983501","69.323529411765","17045.45141862","354.89215686275","1.9726174271743","20.31936062884","115.62073855349","285.95574375331","53.3","58.1","71.7","84.1","7"
"126.72989742495","66.058823529412","12012.601854456","167.99643493761","13.006297438175","71.281734932541","149.95098268935","242.59827297762","53.3","60.6","70.9","74","7"
"53.24213952714","109.64705882353","2688.1539268921","2208.174688057","1.9980901419161","22.555196673815","77.029300461664","93.505403699445","57.9","74.3","141.9","159.4","7"
"38.156856159143","103.58823529412","1634.8786292088","1469.825311943","1.3875666676684","5.9882592725843","38.749821357225","80.094502228827","66.3","77.8","122","142.1","7"
"39.503734258498","110.94117647059","1723.8895321066","1999.8146167558","1.6951250820961","9.8585912655494","39.445199126821","90.091035417174","66.3","85.4","138.9","153","7"
"42.647806797381","103.44117647059","1987.5189583449","1324.1934046346","1.6951250820961","11.347388781873","37.530878390793","98.741764733472","66.3","85.4","125.1","143","7"
"40.704924191206","113.82352941176","1613.7500669692","2070.8770053476","1.9980901419161","12.955709124185","42.440916116549","81.508061659128","66.3","94.1","138.8","153","7"
"41.716094399667","105.17647058824","1683.536649493","1735.9679144385","1.7186889581756","16.378976689637","39.445199126821","89.235042502353","66.3","83.7","112.5","150.1","7"
"44.209021747823","105.32352941176","2055.6016641557","1558.2860962567","1.7707487609907","7.9521348098466","45.76282559121","99.301352986814","66.3","77.6","131.2","150.4","7"
"42.025980066516","102.44117647059","1794.8419345826","1671.3449197861","1.3512773337873","14.04414135468","39.445199126821","95.819920002834","66.3","78.3","122.3","134","7"
"51.241833274411","101.14705882353","2103.4568163142","1244.0080213904","2.4679476186706","18.333081876861","72.095144747012","103.09272980716","64.6","78.4","113.9","138.7","7"
"38.156856159143","103.58823529412","1634.8786292088","1469.825311943","1.3875666676684","5.9882592725843","38.749821357225","80.094502228827","66.3","77.8","122","142.1","7"
"57.643355171332","80.882352941177","3116.713408218","740.47058823529","0.69709512715879","7.688539902178","75.926610640995","119.16725880204","60.9","73.1","80","97.8","7"
"36.722406798935","99.558823529412","1700.1782358807","1198.6176470588","0.28028085608393","1.6374173280821","54.311661730431","87.174040398599","67.3","79.1","103.6","128.5","7"
"25.783631925589","84.794117647059","803.25177514378","1102.7745098039","0.28028085608393","2.3688958545401","35.686889717913","50.068359146719","55","65.2","94.1","115.4","7"
"53.058293836242","87","4668.223154382","656","0.59969996020291","2.2015502691705","59.480865359257","100.37344910145","65.3","74.4","88","105","7"
"84.862406046342","80.676470588235","14119.459879395","1065.4376114082","0.31010064909987","1.946330308896","57.752008303971","217.9279898958","55","63.2","73.9","105.7","7"
"39.44499669504","88.117647058823","1766.1549091297","721.68270944742","0.41222803215521","2.3946109436941","59.61844192962","81.872614227431","65","73.1","96.8","111.6","7"
"45.819804379605","83.147058823529","2947.2344743959","563.58377896613","0.24079699078431","2.0365673176652","64.886346033956","89.262890823664","65.3","71.2","81","102.8","7"
"34.813635987704","104.94117647059","1518.2740375205","1527.2085561497","0.25913864619102","1.946330308896","47.780412696002","75.900909605377","70.3","95.2","109.6","127.7","7"
"27.570061149411","97.411764705882","1033.491296004","1127.5222816399","0.38896951777236","1.7002903873838","38.033848867729","48.900667927439","70","79.1","105.7","122.4","7"
"47.912051000214","88.911764705882","2610.3471769","1612.6889483066","0.29985603317107","1.946330308896","70.116960582932","108.28159853577","52.9","69.3","83.8","122.3","7"
"48.219447561692","124.92857142857","1070.4730917374","1263.9703832753","3.9678751251928","47.822897773427","64.450801051778","77.020415934496","86.6","109","141.4","164","7"
"84.00695901624","106.13043478261","2897.2476384525","1724.5603864734","9.5458148597529","94.877078800208","120.99333287429","127.40526365532","64.4","82.7","126.6","150.8","7"
"68.36933474495","103.0652173913","2732.3615356283","1290.1512077295","3.804112120443","59.296990226489","90.284665818211","107.65203382361","64.7","84","108.2","148.2","7"
"83.901112330712","105.78260869565","2946.3707465788","1211.1961352657","6.3284915682007","89.657005374794","101.13334257115","134.22994105878","70.7","88.8","113.3","145.2","7"
"75.251205902045","99.065217391304","2929.5038058247","1202.8178743961","2.0809658625909","83.624886813387","94.80102975407","124.72926827667","66.1","85.8","100.1","133.9","7"
"65.275972169613","94.673913043478","1838.3439016703","908.6690821256","13.907442962365","62.939726941075","71.875223595387","115.54910066263","67","84.9","96","121.5","7"
"92.184694646454","113.28260869565","3067.3053050607","1092.8739130435","23.283894144679","99.297148992713","103.62469612716","144.0541196931","77.7","99","125.1","147","7"
"88.756413402087","109.76086956522","2957.7559782744","1804.6748792271","22.691125920389","84.720586272481","102.24944010806","144.80942425323","65","83.7","132","155","7"
"65.447667622664","106.69565217391","1623.5815146243","1586.7942028986","12.819018038937","68.181770484499","84.379495195769","99.778076460126","73.1","79","109.5","155.5","7"
"92.073166534156","108.47826086957","3335.8845373734","1640.6550724638","9.9414466763743","106.84523123341","115.97560347309","138.38933256446","68.7","86.7","119.3","155.5","7"
"73.144071334984","105.78260869565","3502.024849785","1522.4405797101","3.8116223032288","40.652530525944","97.846688353585","132.58986788348","68.7","83.9","105.1","150.6","7"
"28.717806729795","140.92592592593","1818.5195365192","672.37891737892","0.098012941827161","0.60542348743035","8.8644837539754","58.890867261348","112","142.9","155","161.1","8"
"22.590623938743","132.68965517241","1314.5530299126","782.22167487685","0.041074773747064","0.10745592476008","7.239408157264","57.670853128258","108.6","122.3","139","159.1","8"
"21.730188257777","127.41379310345","1280.7364002902","473.53694581281","0.064049732695897","0.35717014225853","8.0887697723865","44.678711948145","108.3","115.2","128.8","151.3","8"
"30.201833365787","124.72413793103","1825.8122940197","728.70689655172","0.05557211618807","0.44701407436159","11.42942858492","80.522848543154","96.9","115.3","138.9","147","8"
"31.656453080771","107.20689655172","1948.948383262","288.24137931034","0.30123467756177","1.2025804946894","15.601539827365","90.293278449896","90.6","103","107.9","124.5","8"
"23.181250171595","124.27586206897","1224.2387022365","1089.9926108374","0.060240470055171","0.32727269838693","9.8034823935591","60.707249362782","92","109.1","132.9","154.2","8"
"25.18594950146","129.20689655172","1746.7058673873","1582.8842364532","0.042972501613753","0.29735657711792","4.4186124035752","51.397169216987","92","111.7","132.8","165.4","8"
"24.219580965418","133","1574.4010548309","1042.4285714286","0.039355718795174","0.35558418907268","5.1098929049284","47.256764631949","104.3","117.5","140.8","155.4","8"
"30.305725279709","124.41379310345","1976.1872605898","933.39408866995","0.051597768319275","0.52113454823469","14.679681355168","78.364559708626","89.6","121.2","143.7","149.4","8"
"23.34610636802","125.62068965517","1524.3403399723","619.02955665025","0.034126492124481","0.25538539656709","1.8083068157223","46.384497317473","99","116.5","131.7","154.8","8"
"82.223445064107","106.88235294118","14277.551562704","1339.137254902","0.0083235835850229","3.4379693672224","64.206608858353","126.69150014001","65.9","89.2","129.8","144.8","8"
"77.589286862378","81.435897435897","14094.059020521","603.88394062078","0.013508391264091","2.5403292580237","54.468545710255","120.87387101571","61.6","71","76.9","109.7","8"
"72.27359334579","106.30769230769","17144.760965199","2070.3238866397","0.0079156944976011","0.91861578793906","35.932401326245","79.465343476574","63.2","80.1","118.8","153.6","8"
"49.379688043644","101.97435897436","6640.2652361748","1170.657219973","0.0061483548284665","0.86421234921211","31.353692475342","69.910704804621","68.4","88.2","112.5","134.4","8"
"57.556829335585","91.564102564103","6849.847125558","943.72604588394","0.015383192089181","1.4341237085625","39.109891627261","103.77950689935","62.3","75.7","96","115","8"
"81.271914886681","90.025641025641","15225.814433001","755.39406207827","0.015360735966144","3.6376210834713","44.905988497037","137.94978887901","61.8","74.2","98.7","120","8"
"81.479351233396","80.769230769231","12667.883796261","602.70850202429","0.014726187883691","1.149578116327","59.769882540084","142.15345718502","56.1","71.1","81.7","108","8"
"123.75601155205","82.125","28263.65559003","578.52243589744","0.03314417606757","3.2945895528851","88.473836572232","236.8303731122","62","71.5","79","104","8"
"84.831177024225","88.075","15943.523353874","568.17371794872","0.010453268049077","1.5833565538938","51.395128541757","130.24461177116","68","75","98.5","111.5","8"
"75.65386703569","90.975","16043.304082393","949.97371794872","0.011428889067268","0.96245569920157","40.799334802438","126.42100993545","64","77","95.5","125","8"
"77.337045026203","108.625","16041.421188667","2024.8557692308","0.057294311790199","3.5899966483719","39.617356184471","135.94101083727","64","79.5","132.5","144.5","8"
"71.747875704637","109.475","16103.54376701","2271.1788461538","0.025958683404536","1.6162970586597","37.310885329352","104.23027975835","64","79.5","128.5","160.5","8"
"73.882775730967","111.275","16141.450577769","2461.4865384615","0.13104803517778","3.1213465495323","37.310885329352","124.55580493576","64","78","125.5","169","8"
"71.213017187893","102","15963.43093702","1549.641025641","0.14654278555442","3.2003003119834","37.310885329352","96.38899523117","64","79.5","120.5","143","8"
"69.83525540692","98.1","16127.321433559","1459.6307692308","0.19571630412661","2.1220628860692","16.869293527204","92.171962964756","64","78","103.5","136","8"
"72.819759695263","102.325","15972.596417543","1746.2762820513","0.14220749985437","3.6873447293769","37.773670097457","104.32269995818","64","77","119.5","143.5","8"
"69.780794335758","104.325","15986.058272855","2055.7121794872","0.28971992656405","2.4565133191491","31.87301142248","77.379057122254","63.5","77","117","147.5","8"
"80.201606724735","95.775","16134.026843253","1381.8711538462","0.28971992656405","2.9931319614978","42.232849771114","147.08173390982","64","77.5","101.5","137","8"
"74.512397959807","103.775","15812.122627403","1820.1275641026","0.31583933052819","4.8430167628486","35.909175633227","99.466008125486","64","77.5","126.5","146.5","8"
"73.645237800487","104.275","16082.073492782","1872.4608974359","0.15426566161197","2.4272713270776","30.47302800998","110.99030581698","64","77.5","116","149.5","8"
"12.386191071028","113.625","770.05879835709","1952.4455128205","0.0053196585047482","0.073136435527252","1.5635298651315","10.272246665123","78.5","97.5","120.5","150.5","8"
"15.704359417017","107.85","1047.7817641129","2081.9769230769","0.013753820209893","0.28188738928838","1.7533815389638","14.687349439297","75","87","106.5","165","8"
"11.348547927932","98.175","575.82601075174","1073.225","0.0080616456884146","0.27776384930508","0.9058308587021","10.272246665123","70","88.5","103","129","8"
"11.348547927932","98.175","575.82601075174","1073.225","0.0080616456884146","0.27776384930508","0.9058308587021","10.272246665123","70","88.5","103","129","8"
"13.905483345914","107.85","1099.0718565791","2069.7205128205","0.0044559496591546","0.090595986551272","0.81634167179622","12.013074853805","69","85","106.5","163","8"
"12.786337675576","100.9","824.99784131865","1511.4769230769","0.012034659951184","0.21848790692868","0.75052950449079","14.120676525998","69","83","104","133.5","8"
"12.270464829094","90.55","758.92908020141","810.04871794872","0.039743941256268","0.23153582743522","0.89706133023154","10.170937383092","69","80","92.5","110","8"
"12.712280436123","109.975","895.32668256487","1977.6147435897","0.0099111016777097","0.055042430066514","0.37781462602523","10.564374310543","73.5","85.5","108","161.5","8"
"8.626695058035","107.275","334.29101434727","2281.025","0.013268979448002","0.23428786650144","0.81634167179622","9.1994246312015","69","83.5","105","156.5","8"
"10.903192361618","102.825","555.97059552638","1719.6352564103","0.014585421836695","0.19849013730165","0.68583749543682","12.101779748213","69","84.5","106","139","8"
"29.625128715487","107.3","1190.2736335838","1751.4461538462","0.0098640016734276","2.010219419614","25.495378177157","69.452805251553","66.5","79.5","125","156.5","8"
"41.347898350052","98.357142857143","5057.4071627457","1620.6254355401","0.098264882104592","2.7869193513574","8.2019506195257","96.308837416459","63.9","76.3","89.7","144.1","9"
"43.946756110187","87.444444444444","5063.4194931993","866.9797979798","0.12103119211681","1.7782963384815","23.672221177185","73.408600730219","67","72.5","82","112.5","9"
"51.226472305527","89.088888888889","7145.4760535981","780.08282828283","0.31324531161285","2.8129072853851","16.530193241123","87.866582751377","65","77.5","88","107.5","9"
"54.071670881226","91.044444444444","7897.5766687218","1239.2252525252","0.21611022314247","2.0731470812391","16.032921580559","119.91096056965","63","78","87.5","110","9"
"50.91685727536","94.422222222222","7721.9646412037","1838.4313131313","0.10059083532922","3.1780244264305","8.1141594675516","113.96753324965","65.5","75.5","84","106","9"
"57.256758788291","85.288888888889","8006.0809172082","992.07373737374","0.17166511644129","1.5655771998332","28.589232972185","120.49794564238","62","70","79","106","9"
"48.383990286438","84.377777777778","7184.9828938666","930.87676767677","0.14574350046741","1.2208669910304","12.285643151663","109.12871217231","60","70","82.5","111.5","9"
"40.021008775202","94.155555555556","5729.0538996846","1558.8161616162","0.1913876185401","1.4604454035532","5.0641381023813","66.401427710616","67","74","81.5","125","9"
"35.937221649664","97.688888888889","4107.6864111896","1557.8555555556","0.1378360354305","1.7010764508285","6.0668182407574","68.925613162436","69","78.5","91.5","119.5","9"
"49.278371791166","100.06666666667","6654.4055320861","1792.8363636364","0.17787367020183","1.4019950883778","17.468819170447","88.711018025842","62","75","103.5","152.5","9"
"21.884988833935","134.2","1034.3701359057","3581.0272727273","0.10912442645758","0.82740924240912","9.8754546420346","51.522308756374","73","116","151","191","9"
"26.203720425225","114.08888888889","2280.9187464191","1972.9919191919","0.16575477199088","0.89081955671722","6.4271660031914","48.028785571395","68.5","100","119","160.5","9"
"34.994271321294","130.42222222222","3698.2299724461","2843.4767676768","0.31653072774418","2.5074044423878","11.677062938332","59.212963187588","77","115","133.5","180","9"
"31.702784674811","120.11111111111","2599.993587477","1835.0101010101","0.20853240321937","1.0437642406369","14.65648279035","56.131123819356","79","111","126.5","162.5","9"
"43.425902696247","118.37777777778","7816.7026260718","1568.3313131313","0.2280294255381","1.7644556312747","11.593087157743","47.728380521083","76","105.5","135.5","156.5","9"
"25.103684083655","127.22222222222","3521.4005369581","2128.0858585859","0.27512556135217","0.74054737482403","4.6526493023481","31.684003236719","79.5","112.5","142.5","176","9"
"25.07931560685","126.71111111111","1911.6583068906","1851.3919191919","0.26601104390071","0.85336731347803","9.466628199265","43.01435967615","79","116","139","168.5","9"
"24.355492248189","121.53333333333","2483.2178970756","1728.8909090909","0.18098854380037","0.90968633573661","4.6526493023481","31.684003236719","76.5","109.5","132.5","163","9"
"23.073062883029","126.02222222222","1474.5494420923","2186.8404040404","0.20853240321937","1.1870791507812","4.6526493023481","38.336162355481","74","110","151.5","174","9"
"23.715960229145","119.33333333333","2124.8322485041","1893.1363636364","0.21374103970832","0.94023899366508","4.6526493023481","32.923595760586","74","105.5","139","160.5","9"
"29.864482207002","103.4","4123.3106829974","3626.3363636364","0.050958831344075","0.20853240321937","1.8768333166892","37.168816764429","60","79","92.5","122","9"
"26.950143037844","115.91111111111","2981.7969670083","4051.4464646465","0.055560955365316","0.20853240321937","1.2562302780879","32.557752680952","70.5","91","100.5","167.5","9"
"26.627795754234","116.37777777778","2914.4532348505","4071.3313131313","0.056716292389545","0.20853240321937","1.0707675998576","35.814044127421","70.5","91.5","101.5","167.5","9"
"21.302987395782","115.64444444444","2476.9232942995","3749.5525252525","0.076285362810285","0.18618785926783","1.0707675998576","27.393377794486","75","81","101","155","9"
"36.831378668945","111.51111111111","4755.6427438883","2442.1646464647","0.10988760142022","0.34085099462644","4.9750784984911","50.977048350153","70.5","88","114","140","9"
"34.89635277285","119.77777777778","4089.685224908","4390.2222222222","0.10555900731366","0.22886058196375","6.2671140398502","47.591304133069","72.5","88.5","114","155","9"
"27.405038436407","122.66666666667","2655.8465817334","2943.5909090909","0.092385576393234","0.21751533983433","3.3878713329877","41.761820876221","81.5","96","115.5","160","9"
"33.455997906043","122.95555555556","5792.9077097059","3512.6797979798","0.096524685569865","0.21839662027938","1.9827691263884","32.493306166498","72.5","92","121.5","161.5","9"
"23.342291314043","123.26666666667","1785.0595442915","3400.6090909091","0.050827508260179","0.20853240321937","3.8605786826706","37.294108626476","77.5","92.5","114","177.5","9"
"32.168749887152","115.2","4265.2688900951","4476.8","0.13417520219999","0.28922694082561","3.6477256697924","39.245122476259","68.5","82","101.5","157","9"
"37.710504634326","98.6","1674.0282354695","1589.7909090909","1.1857943650716","9.8523180631344","38.32751370615","74.162079763642","62","79.5","100","131","9"
"37.288071190932","94.377777777778","1721.2232810167","1529.604040404","1.5316689843194","5.9044663887814","40.626127478319","71.939962404672","59.5","70.5","97.5","136.5","9"
"42.637462310102","81.666666666667","1973.8976798341","836","1.8628022069592","10.955038730456","49.632539138945","86.597514229168","58.5","65.5","81","101.5","9"
"31.218142386561","93.866666666667","1374.4674571793","1037.0272727273","0.78840957548988","4.3242154603263","26.393957392751","64.061851913055","66.5","77","90","132.5","9"
"32.425830283395","88.111111111111","1828.0384936438","865.41919191919","0.52067340493887","3.9726593492934","21.024989956554","63.910920300744","61.5","70","88","109.5","9"
"36.62803163985","88.644444444445","1822.2935675666","905.37070707071","0.84947040259597","5.1905165225206","37.658011420373","79.19543140034","62","69.5","86","116.5","9"
"31.403135801315","83.111111111111","1240.0244846438","760.19191919192","0.68162039828499","5.5051693714128","34.179134485253","70.698420392369","64","69.5","77.5","101.5","9"
"39.273030110291","92.422222222222","1769.8905734268","1439.794949495","1.0074537111464","8.3329889572866","42.118798466728","85.554578302542","62.5","71","87.5","117","9"
"34.293281327455","87.844444444445","1649.2680782703","1060.5434343434","0.62552265325281","5.8325061316984","29.510309098167","75.433835545372","62","68.5","84.5","115","9"
"31.638591337508","95.555555555556","1386.0952930479","1605.0252525252","0.93781642823811","4.5423728057837","27.664389611072","72.489318977067","62","76.5","88","138","9"
"23.040631823392","101.13333333333","2208.1010714559","1955.9818181818","0.037293665131652","0.82600783390088","6.8796167110585","32.845055356109","69","81","92","117.5","9"
